Date,Direction,Time,TRAFFIC,PRCP,SNOW,SNWD,SNOW_DAY_SUM,Vehicles,Driver Age,Condition_Code,MorF,DayOfWeek
20150109,0,21,1092,0.0,0.0,,1.4000000000000008,0.0,0.0,0.0,0.0,5
20150109,0,22,596,0.0,0.0,,1.4000000000000008,0.0,0.0,0.0,0.0,5
20150130,0,21,1173,0.0,0.0,,0.0,0.0,0.0,0.0,0.0,5
20150130,0,22,771,0.0,0.0,,0.0,0.0,0.0,0.0,0.0,5
20150320,0,21,1127,0.0,0.0,,0.2999999999999893,0.0,0.0,0.0,0.0,5
20150320,0,22,662,0.0,0.0,,0.2999999999999893,0.0,0.0,0.0,0.0,5
20150403,0,20,1116,0.02,0.5,,0.4999999999999911,0.0,0.0,0.0,0.0,5
20150403,0,21,816,0.02,0.5,,0.4999999999999911,0.0,0.0,0.0,0.0,5
20150403,0,22,534,0.02,0.5,,0.4999999999999911,0.0,0.0,0.0,0.0,5
20150403,0,23,328,0.02,0.5,,0.4999999999999911,0.0,0.0,0.0,0.0,5
20150410,0,20,1117,0.0,0.0,,0.5000000000000009,0.0,0.0,0.0,0.0,5
20150410,0,21,725,0.0,0.0,,0.5000000000000009,0.0,0.0,0.0,0.0,5
20150501,0,19,1042,0.0,0.0,,0.1999999999999898,0.0,0.0,0.0,0.0,5
20150501,0,20,743,0.0,0.0,,0.1999999999999898,0.0,0.0,0.0,0.0,5
20150501,0,21,551,0.0,0.0,,0.1999999999999898,0.0,0.0,0.0,0.0,5
20150501,0,22,392,0.0,0.0,,0.1999999999999898,0.0,0.0,0.0,0.0,5
20150522,0,20,1127,,,,,0.0,0.0,0.0,0.0,5
20150522,0,21,778,,,,,0.0,0.0,0.0,0.0,5
20150522,0,22,488,,,,,0.0,0.0,0.0,0.0,5
20150529,0,20,898,,,,,0.0,0.0,0.0,0.0,5
20150529,0,21,600,,,,,0.0,0.0,0.0,0.0,5
20150529,0,22,383,,,,,0.0,0.0,0.0,0.0,5
20150605,0,20,922,0.0,0.0,,0.4000000000000009,0.0,0.0,0.0,0.0,5
20150605,0,21,635,0.0,0.0,,0.4000000000000009,0.0,0.0,0.0,0.0,5
20150605,0,22,421,0.0,0.0,,0.4000000000000009,0.0,0.0,0.0,0.0,5
20150612,0,20,1176,,,,,0.0,0.0,0.0,0.0,5
20150612,0,21,770,,,,,0.0,0.0,0.0,0.0,5
20150612,0,22,532,,,,,0.0,0.0,0.0,0.0,5
20150619,0,21,870,0.0,0.0,,0.0,0.0,0.0,0.0,0.0,5
20150619,0,22,599,0.0,0.0,,0.0,0.0,0.0,0.0,0.0,5
20150626,0,21,818,,,,,0.0,0.0,0.0,0.0,5
20150626,0,22,562,,,,,0.0,0.0,0.0,0.0,5
20150703,0,20,1105,,,,,0.0,0.0,0.0,0.0,5
20150703,0,21,867,,,,,0.0,0.0,0.0,0.0,5
20150703,0,22,606,,,,,0.0,0.0,0.0,0.0,5
20150710,0,22,663,,,,,0.0,0.0,0.0,0.0,5
20150717,0,22,635,0.0,0.0,,0.0,0.0,0.0,0.0,0.0,5
20150731,0,21,1052,0.0,0.0,,0.0,0.0,0.0,0.0,0.0,5
20150731,0,22,652,0.0,0.0,,0.0,0.0,0.0,0.0,0.0,5
20150807,0,21,978,0.0,0.0,,0.0,0.0,0.0,0.0,0.0,5
20150807,0,22,563,0.0,0.0,,0.0,0.0,0.0,0.0,0.0,5
20150814,0,22,645,0.0,0.0,,0.0,0.0,0.0,0.0,0.0,5
20150821,0,21,872,0.0,0.0,,0.0,0.0,0.0,0.0,0.0,5
20150821,0,22,555,0.0,0.0,,0.0,0.0,0.0,0.0,0.0,5
20150828,0,21,779,,,,,0.0,0.0,0.0,0.0,5
20150828,0,22,510,,,,,0.0,0.0,0.0,0.0,5
20150904,0,22,824,,,,,0.0,0.0,0.0,0.0,5
20150918,0,21,800,0.0,0.0,,0.0,0.0,0.0,0.0,0.0,5
20150918,0,22,500,0.0,0.0,,0.0,0.0,0.0,0.0,0.0,5
20150925,0,20,1249,0.0,0.0,,0.0,0.0,0.0,0.0,0.0,5
20150925,0,21,805,0.0,0.0,,0.0,0.0,0.0,0.0,0.0,5
20150925,0,22,433,0.0,0.0,,0.0,0.0,0.0,0.0,0.0,5
20151009,0,20,1130,,,,,0.0,0.0,0.0,0.0,5
20151009,0,21,660,,,,,0.0,0.0,0.0,0.0,5
20151009,0,22,457,,,,,0.0,0.0,0.0,0.0,5
20151016,0,21,624,0.0,0.0,,0.0,0.0,0.0,0.0,0.0,5
20151016,0,22,437,0.0,0.0,,0.0,0.0,0.0,0.0,0.0,5
20210801,0,0,173,0.63,0.0,0.0,0.0,0.0,0.0,0.0,0.0,7
20210801,0,1,113,0.63,0.0,0.0,0.0,0.0,0.0,0.0,0.0,7
20210801,0,2,112,0.63,0.0,0.0,0.0,0.0,0.0,0.0,0.0,7
20210801,0,3,93,0.63,0.0,0.0,0.0,0.0,0.0,0.0,0.0,7
20210801,0,4,183,0.63,0.0,0.0,0.0,0.0,0.0,0.0,0.0,7
20210801,0,5,323,0.63,0.0,0.0,0.0,0.0,0.0,0.0,0.0,7
20210801,0,6,542,0.63,0.0,0.0,0.0,0.0,0.0,0.0,0.0,7
20210801,0,7,906,0.63,0.0,0.0,0.0,0.0,0.0,0.0,0.0,7
20210801,0,8,1332,0.63,0.0,0.0,0.0,0.0,0.0,0.0,0.0,7
20210801,0,9,1734,0.63,0.0,0.0,0.0,0.0,0.0,0.0,0.0,7
20210801,0,10,2130,0.63,0.0,0.0,0.0,0.0,0.0,0.0,0.0,7
20210801,0,11,2184,0.63,0.0,0.0,0.0,0.0,0.0,0.0,0.0,7
20210801,0,12,2188,0.63,0.0,0.0,0.0,0.0,0.0,0.0,0.0,7
20210801,0,13,2190,0.63,0.0,0.0,0.0,0.0,0.0,0.0,0.0,7
20210801,0,14,2129,0.63,0.0,0.0,0.0,0.0,0.0,0.0,0.0,7
20210801,0,15,2107,0.63,0.0,0.0,0.0,0.0,0.0,0.0,0.0,7
20210801,0,16,1685,0.63,0.0,0.0,0.0,0.0,0.0,0.0,0.0,7
20210801,0,17,1369,0.63,0.0,0.0,0.0,0.0,0.0,0.0,0.0,7
20210801,0,18,1221,0.63,0.0,0.0,0.0,0.0,0.0,0.0,0.0,7
20210801,0,19,879,0.63,0.0,0.0,0.0,0.0,0.0,0.0,0.0,7
20210801,0,20,664,0.63,0.0,0.0,0.0,0.0,0.0,0.0,0.0,7
20210801,0,21,492,0.63,0.0,0.0,0.0,0.0,0.0,0.0,0.0,7
20210801,0,22,384,0.63,0.0,0.0,0.0,0.0,0.0,0.0,0.0,7
20210801,0,23,278,0.63,0.0,0.0,0.0,0.0,0.0,0.0,0.0,7
20230307,0,5,424,0.0,0.0,,2.6999999999999966,0.0,0.0,0.0,0.0,2
20230307,0,6,921,0.0,0.0,,2.6999999999999966,0.0,0.0,0.0,0.0,2
20230307,0,8,2134,0.0,0.0,,2.6999999999999966,0.0,0.0,0.0,0.0,2
20230307,0,9,2007,0.0,0.0,,2.6999999999999966,0.0,0.0,0.0,0.0,2
20230307,0,10,1469,0.0,0.0,,2.6999999999999966,0.0,0.0,0.0,0.0,2
20230307,0,11,1320,0.0,0.0,,2.6999999999999966,0.0,0.0,0.0,0.0,2
20230307,0,12,1212,0.0,0.0,,2.6999999999999966,0.0,0.0,0.0,0.0,2
20230307,0,13,1167,0.0,0.0,,2.6999999999999966,0.0,0.0,0.0,0.0,2
20230307,0,14,1118,0.0,0.0,,2.6999999999999966,0.0,0.0,0.0,0.0,2
20230307,0,15,1226,0.0,0.0,,2.6999999999999966,0.0,0.0,0.0,0.0,2
20230307,0,16,1182,0.0,0.0,,2.6999999999999966,0.0,0.0,0.0,0.0,2
20230307,0,17,990,0.0,0.0,,2.6999999999999966,0.0,0.0,0.0,0.0,2
20230307,0,18,836,0.0,0.0,,2.6999999999999966,0.0,0.0,0.0,0.0,2
20230307,0,20,501,0.0,0.0,,2.6999999999999966,0.0,0.0,0.0,0.0,2
20230307,0,21,405,0.0,0.0,,2.6999999999999966,0.0,0.0,0.0,0.0,2
20230307,0,22,320,0.0,0.0,,2.6999999999999966,0.0,0.0,0.0,0.0,2
20230307,0,23,190,0.0,0.0,,2.6999999999999966,0.0,0.0,0.0,0.0,2
20230411,0,10,1549,0.0,0.0,,3.2999999999999963,0.0,0.0,0.0,0.0,2
20230411,0,11,1272,0.0,0.0,,3.2999999999999963,0.0,0.0,0.0,0.0,2
20230411,0,12,1128,0.0,0.0,,3.2999999999999963,0.0,0.0,0.0,0.0,2
20230411,0,13,1034,0.0,0.0,,3.2999999999999963,0.0,0.0,0.0,0.0,2
20230411,0,14,988,0.0,0.0,,3.2999999999999963,0.0,0.0,0.0,0.0,2
20230411,0,15,975,0.0,0.0,,3.2999999999999963,0.0,0.0,0.0,0.0,2
20230411,0,16,1023,0.0,0.0,,3.2999999999999963,0.0,0.0,0.0,0.0,2
20230411,0,17,945,0.0,0.0,,3.2999999999999963,0.0,0.0,0.0,0.0,2
20230411,0,18,848,0.0,0.0,,3.2999999999999963,0.0,0.0,0.0,0.0,2
20230411,0,19,648,0.0,0.0,,3.2999999999999963,0.0,0.0,0.0,0.0,2
20230411,0,20,563,0.0,0.0,,3.2999999999999963,0.0,0.0,0.0,0.0,2
20230411,0,21,382,0.0,0.0,,3.2999999999999963,0.0,0.0,0.0,0.0,2
20230411,0,22,306,0.0,0.0,,3.2999999999999963,0.0,0.0,0.0,0.0,2
20230411,0,23,300,0.0,0.0,,3.2999999999999963,0.0,0.0,0.0,0.0,2
20230418,0,5,434,0.0,0.0,,1.7999999999999965,0.0,0.0,0.0,0.0,2
20230418,0,6,737,0.0,0.0,,1.7999999999999965,0.0,0.0,0.0,0.0,2
20230418,0,7,1112,0.0,0.0,,1.7999999999999965,0.0,0.0,0.0,0.0,2
20230418,0,8,1396,0.0,0.0,,1.7999999999999965,0.0,0.0,0.0,0.0,2
20230418,0,9,1501,0.0,0.0,,1.7999999999999965,0.0,0.0,0.0,0.0,2
20230418,0,10,1291,0.0,0.0,,1.7999999999999965,0.0,0.0,0.0,0.0,2
20230418,0,11,1160,0.0,0.0,,1.7999999999999965,0.0,0.0,0.0,0.0,2
20230418,0,12,1099,0.0,0.0,,1.7999999999999965,0.0,0.0,0.0,0.0,2
20230418,0,13,953,0.0,0.0,,1.7999999999999965,0.0,0.0,0.0,0.0,2
20230418,0,14,973,0.0,0.0,,1.7999999999999965,0.0,0.0,0.0,0.0,2
20230418,0,15,1013,0.0,0.0,,1.7999999999999965,0.0,0.0,0.0,0.0,2
20230418,0,16,1034,0.0,0.0,,1.7999999999999965,0.0,0.0,0.0,0.0,2
20230418,0,17,952,0.0,0.0,,1.7999999999999965,0.0,0.0,0.0,0.0,2
20230418,0,18,900,0.0,0.0,,1.7999999999999965,0.0,0.0,0.0,0.0,2
20230418,0,19,628,0.0,0.0,,1.7999999999999965,0.0,0.0,0.0,0.0,2
20230418,0,20,497,0.0,0.0,,1.7999999999999965,0.0,0.0,0.0,0.0,2
20230418,0,21,375,0.0,0.0,,1.7999999999999965,0.0,0.0,0.0,0.0,2
20230418,0,22,273,0.0,0.0,,1.7999999999999965,0.0,0.0,0.0,0.0,2
20230502,0,5,458,0.0,0.0,,1.4999999999999964,0.0,0.0,0.0,0.0,2
20230502,0,6,821,0.0,0.0,,1.4999999999999964,0.0,0.0,0.0,0.0,2
20230502,0,7,1068,0.0,0.0,,1.4999999999999964,0.0,0.0,0.0,0.0,2
20230502,0,8,1301,0.0,0.0,,1.4999999999999964,0.0,0.0,0.0,0.0,2
20230502,0,9,1343,0.0,0.0,,1.4999999999999964,0.0,0.0,0.0,0.0,2
20230502,0,10,1247,0.0,0.0,,1.4999999999999964,0.0,0.0,0.0,0.0,2
20230502,0,11,1078,0.0,0.0,,1.4999999999999964,0.0,0.0,0.0,0.0,2
20230502,0,12,989,0.0,0.0,,1.4999999999999964,0.0,0.0,0.0,0.0,2
20230502,0,13,1023,0.0,0.0,,1.4999999999999964,0.0,0.0,0.0,0.0,2
20230502,0,14,1000,0.0,0.0,,1.4999999999999964,0.0,0.0,0.0,0.0,2
20230502,0,15,1018,0.0,0.0,,1.4999999999999964,0.0,0.0,0.0,0.0,2
20230502,0,16,993,0.0,0.0,,1.4999999999999964,0.0,0.0,0.0,0.0,2
20230502,0,17,803,0.0,0.0,,1.4999999999999964,0.0,0.0,0.0,0.0,2
20230502,0,19,558,0.0,0.0,,1.4999999999999964,0.0,0.0,0.0,0.0,2
20230502,0,20,466,0.0,0.0,,1.4999999999999964,0.0,0.0,0.0,0.0,2
20230502,0,21,338,0.0,0.0,,1.4999999999999964,0.0,0.0,0.0,0.0,2
20230502,0,22,279,0.0,0.0,,1.4999999999999964,0.0,0.0,0.0,0.0,2
20230502,0,23,179,0.0,0.0,,1.4999999999999964,0.0,0.0,0.0,0.0,2
20230509,0,5,489,0.0,0.0,,1.4999999999999964,0.0,0.0,0.0,0.0,2
20230509,0,6,860,0.0,0.0,,1.4999999999999964,0.0,0.0,0.0,0.0,2
20230509,0,7,1072,0.0,0.0,,1.4999999999999964,0.0,0.0,0.0,0.0,2
20230509,0,8,1203,0.0,0.0,,1.4999999999999964,0.0,0.0,0.0,0.0,2
20230509,0,9,1453,0.0,0.0,,1.4999999999999964,0.0,0.0,0.0,0.0,2
20230509,0,10,1279,0.0,0.0,,1.4999999999999964,0.0,0.0,0.0,0.0,2
20230509,0,11,1205,0.0,0.0,,1.4999999999999964,0.0,0.0,0.0,0.0,2
20230509,0,12,1135,0.0,0.0,,1.4999999999999964,0.0,0.0,0.0,0.0,2
20230509,0,13,1098,0.0,0.0,,1.4999999999999964,0.0,0.0,0.0,0.0,2
20230509,0,14,1102,0.0,0.0,,1.4999999999999964,0.0,0.0,0.0,0.0,2
20230509,0,15,1053,0.0,0.0,,1.4999999999999964,0.0,0.0,0.0,0.0,2
20230509,0,16,1029,0.0,0.0,,1.4999999999999964,0.0,0.0,0.0,0.0,2
20230509,0,17,1029,0.0,0.0,,1.4999999999999964,0.0,0.0,0.0,0.0,2
20230509,0,18,819,0.0,0.0,,1.4999999999999964,0.0,0.0,0.0,0.0,2
20230509,0,20,441,0.0,0.0,,1.4999999999999964,0.0,0.0,0.0,0.0,2
20230509,0,21,414,0.0,0.0,,1.4999999999999964,0.0,0.0,0.0,0.0,2
20230509,0,22,305,0.0,0.0,,1.4999999999999964,0.0,0.0,0.0,0.0,2
20230509,0,23,301,0.0,0.0,,1.4999999999999964,0.0,0.0,0.0,0.0,2
20230516,0,5,537,0.0,0.0,0.0,0.0,0.0,0.0,0.0,0.0,2
20230516,0,6,972,0.0,0.0,0.0,0.0,0.0,0.0,0.0,0.0,2
20230516,0,8,1248,0.0,0.0,0.0,0.0,0.0,0.0,0.0,0.0,2
20230516,0,9,1475,0.0,0.0,0.0,0.0,0.0,0.0,0.0,0.0,2
20230516,0,10,1738,0.0,0.0,0.0,0.0,0.0,0.0,0.0,0.0,2
20230516,0,11,1344,0.0,0.0,0.0,0.0,0.0,0.0,0.0,0.0,2
20230516,0,13,1241,0.0,0.0,0.0,0.0,0.0,0.0,0.0,0.0,2
20230516,0,14,1187,0.0,0.0,0.0,0.0,0.0,0.0,0.0,0.0,2
20230516,0,15,1159,0.0,0.0,0.0,0.0,0.0,0.0,0.0,0.0,2
20230516,0,16,1138,0.0,0.0,0.0,0.0,0.0,0.0,0.0,0.0,2
20230516,0,17,1059,0.0,0.0,0.0,0.0,0.0,0.0,0.0,0.0,2
20230516,0,18,885,0.0,0.0,0.0,0.0,0.0,0.0,0.0,0.0,2
20230516,0,19,670,0.0,0.0,0.0,0.0,0.0,0.0,0.0,0.0,2
20230516,0,21,420,0.0,0.0,0.0,0.0,0.0,0.0,0.0,0.0,2
20230516,0,22,356,0.0,0.0,0.0,0.0,0.0,0.0,0.0,0.0,2
20230516,0,23,253,0.0,0.0,0.0,0.0,0.0,0.0,0.0,0.0,2
20230523,0,5,543,0.0,0.0,0.0,0.0,0.0,0.0,0.0,0.0,2
20230523,0,6,900,0.0,0.0,0.0,0.0,0.0,0.0,0.0,0.0,2
20230523,0,7,1106,0.0,0.0,0.0,0.0,0.0,0.0,0.0,0.0,2
20230523,0,9,1482,0.0,0.0,0.0,0.0,0.0,0.0,0.0,0.0,2
20230523,0,12,1298,0.0,0.0,0.0,0.0,0.0,0.0,0.0,0.0,2
20230523,0,13,1215,0.0,0.0,0.0,0.0,0.0,0.0,0.0,0.0,2
20230523,0,14,1260,0.0,0.0,0.0,0.0,0.0,0.0,0.0,0.0,2
20230523,0,15,1207,0.0,0.0,0.0,0.0,0.0,0.0,0.0,0.0,2
20230523,0,16,1233,0.0,0.0,0.0,0.0,0.0,0.0,0.0,0.0,2
20230523,0,17,1001,0.0,0.0,0.0,0.0,0.0,0.0,0.0,0.0,2
20230523,0,18,868,0.0,0.0,0.0,0.0,0.0,0.0,0.0,0.0,2
20230523,0,19,680,0.0,0.0,0.0,0.0,0.0,0.0,0.0,0.0,2
20230523,0,20,501,0.0,0.0,0.0,0.0,0.0,0.0,0.0,0.0,2
20230523,0,21,383,0.0,0.0,0.0,0.0,0.0,0.0,0.0,0.0,2
20230523,0,22,251,0.0,0.0,0.0,0.0,0.0,0.0,0.0,0.0,2
20230523,0,23,203,0.0,0.0,0.0,0.0,0.0,0.0,0.0,0.0,2
20230606,0,5,608,0.0,0.0,,0.0,0.0,0.0,0.0,0.0,2
20230606,0,6,955,0.0,0.0,,0.0,0.0,0.0,0.0,0.0,2
20230606,0,7,1173,0.0,0.0,,0.0,0.0,0.0,0.0,0.0,2
20230606,0,8,1356,0.0,0.0,,0.0,0.0,0.0,0.0,0.0,2
20230606,0,9,1613,0.0,0.0,,0.0,0.0,0.0,0.0,0.0,2
20230606,0,10,1578,0.0,0.0,,0.0,0.0,0.0,0.0,0.0,2
20230606,0,11,1526,0.0,0.0,,0.0,0.0,0.0,0.0,0.0,2
20230606,0,13,1389,0.0,0.0,,0.0,0.0,0.0,0.0,0.0,2
20230606,0,14,1367,0.0,0.0,,0.0,0.0,0.0,0.0,0.0,2
20230606,0,15,1344,0.0,0.0,,0.0,0.0,0.0,0.0,0.0,2
20230606,0,16,1243,0.0,0.0,,0.0,0.0,0.0,0.0,0.0,2
20230606,0,17,1107,0.0,0.0,,0.0,0.0,0.0,0.0,0.0,2
20230606,0,18,1022,0.0,0.0,,0.0,0.0,0.0,0.0,0.0,2
20230606,0,19,699,0.0,0.0,,0.0,0.0,0.0,0.0,0.0,2
20230606,0,21,440,0.0,0.0,,0.0,0.0,0.0,0.0,0.0,2
20230606,0,22,361,0.0,0.0,,0.0,0.0,0.0,0.0,0.0,2
20230606,0,23,279,0.0,0.0,,0.0,0.0,0.0,0.0,0.0,2
20230620,0,5,677,0.0,0.0,,0.0,0.0,0.0,0.0,0.0,2
20230620,0,6,1053,0.0,0.0,,0.0,0.0,0.0,0.0,0.0,2
20230620,0,7,1305,0.0,0.0,,0.0,0.0,0.0,0.0,0.0,2
20230620,0,8,1508,0.0,0.0,,0.0,0.0,0.0,0.0,0.0,2
20230620,0,9,1751,0.0,0.0,,0.0,0.0,0.0,0.0,0.0,2
20230620,0,10,1890,0.0,0.0,,0.0,0.0,0.0,0.0,0.0,2
20230620,0,11,1885,0.0,0.0,,0.0,0.0,0.0,0.0,0.0,2
20230620,0,12,1743,0.0,0.0,,0.0,0.0,0.0,0.0,0.0,2
20230620,0,13,1556,0.0,0.0,,0.0,0.0,0.0,0.0,0.0,2
20230620,0,14,1635,0.0,0.0,,0.0,0.0,0.0,0.0,0.0,2
20230620,0,15,1507,0.0,0.0,,0.0,0.0,0.0,0.0,0.0,2
20230620,0,17,1224,0.0,0.0,,0.0,0.0,0.0,0.0,0.0,2
20230620,0,18,1020,0.0,0.0,,0.0,0.0,0.0,0.0,0.0,2
20230620,0,19,839,0.0,0.0,,0.0,0.0,0.0,0.0,0.0,2
20230620,0,20,627,0.0,0.0,,0.0,0.0,0.0,0.0,0.0,2
20230620,0,21,460,0.0,0.0,,0.0,0.0,0.0,0.0,0.0,2
20230620,0,22,303,0.0,0.0,,0.0,0.0,0.0,0.0,0.0,2
20230620,0,23,244,0.0,0.0,,0.0,0.0,0.0,0.0,0.0,2
20230627,0,5,676,0.0,0.0,,0.0,0.0,0.0,0.0,0.0,2
20230627,0,6,1037,0.0,0.0,,0.0,0.0,0.0,0.0,0.0,2
20230627,0,7,1350,0.0,0.0,,0.0,0.0,0.0,0.0,0.0,2
20230627,0,8,1450,0.0,0.0,,0.0,0.0,0.0,0.0,0.0,2
20230627,0,9,2036,0.0,0.0,,0.0,0.0,0.0,0.0,0.0,2
20230627,0,10,1952,0.0,0.0,,0.0,0.0,0.0,0.0,0.0,2
20230627,0,12,1773,0.0,0.0,,0.0,0.0,0.0,0.0,0.0,2
20230627,0,13,1708,0.0,0.0,,0.0,0.0,0.0,0.0,0.0,2
20230627,0,14,1632,0.0,0.0,,0.0,0.0,0.0,0.0,0.0,2
20230627,0,15,1557,0.0,0.0,,0.0,0.0,0.0,0.0,0.0,2
20230627,0,16,1413,0.0,0.0,,0.0,0.0,0.0,0.0,0.0,2
20230627,0,17,1191,0.0,0.0,,0.0,0.0,0.0,0.0,0.0,2
20230627,0,19,867,0.0,0.0,,0.0,0.0,0.0,0.0,0.0,2
20230627,0,20,615,0.0,0.0,,0.0,0.0,0.0,0.0,0.0,2
20230627,0,21,519,0.0,0.0,,0.0,0.0,0.0,0.0,0.0,2
20230627,0,22,440,0.0,0.0,,0.0,0.0,0.0,0.0,0.0,2
20230627,0,23,255,0.0,0.0,,0.0,0.0,0.0,0.0,0.0,2
20230704,0,5,456,0.0,0.0,0.0,0.0,0.0,0.0,0.0,0.0,2
20230704,0,6,852,0.0,0.0,0.0,0.0,0.0,0.0,0.0,0.0,2
20230704,0,7,1490,0.0,0.0,0.0,0.0,0.0,0.0,0.0,0.0,2
20230704,0,8,1882,0.0,0.0,0.0,0.0,0.0,0.0,0.0,0.0,2
20230704,0,9,2300,0.0,0.0,0.0,0.0,0.0,0.0,0.0,0.0,2
20230704,0,10,2574,0.0,0.0,0.0,0.0,0.0,0.0,0.0,0.0,2
20230704,0,11,2442,0.0,0.0,0.0,0.0,0.0,0.0,0.0,0.0,2
20230704,0,12,2163,0.0,0.0,0.0,0.0,0.0,0.0,0.0,0.0,2
20230704,0,13,1925,0.0,0.0,0.0,0.0,0.0,0.0,0.0,0.0,2
20230704,0,15,1298,0.0,0.0,0.0,0.0,0.0,0.0,0.0,0.0,2
20230704,0,16,1055,0.0,0.0,0.0,0.0,0.0,0.0,0.0,0.0,2
20230704,0,17,829,0.0,0.0,0.0,0.0,0.0,0.0,0.0,0.0,2
20230704,0,18,728,0.0,0.0,0.0,0.0,0.0,0.0,0.0,0.0,2
20230704,0,19,592,0.0,0.0,0.0,0.0,0.0,0.0,0.0,0.0,2
20230704,0,20,477,0.0,0.0,0.0,0.0,0.0,0.0,0.0,0.0,2
20230704,0,21,357,0.0,0.0,0.0,0.0,0.0,0.0,0.0,0.0,2
20230704,0,22,265,0.0,0.0,0.0,0.0,0.0,0.0,0.0,0.0,2
20230704,0,23,275,0.0,0.0,0.0,0.0,0.0,0.0,0.0,0.0,2
20230711,0,5,631,0.0,0.0,,0.0,0.0,0.0,0.0,0.0,2
20230711,0,6,1046,0.0,0.0,,0.0,0.0,0.0,0.0,0.0,2
20230711,0,7,1328,0.0,0.0,,0.0,0.0,0.0,0.0,0.0,2
20230711,0,8,1574,0.0,0.0,,0.0,0.0,0.0,0.0,0.0,2
20230711,0,9,1852,0.0,0.0,,0.0,0.0,0.0,0.0,0.0,2
20230711,0,10,2137,0.0,0.0,,0.0,0.0,0.0,0.0,0.0,2
20230711,0,11,2135,0.0,0.0,,0.0,0.0,0.0,0.0,0.0,2
20230711,0,12,1970,0.0,0.0,,0.0,0.0,0.0,0.0,0.0,2
20230711,0,13,1907,0.0,0.0,,0.0,0.0,0.0,0.0,0.0,2
20230711,0,14,1805,0.0,0.0,,0.0,0.0,0.0,0.0,0.0,2
20230711,0,15,1730,0.0,0.0,,0.0,0.0,0.0,0.0,0.0,2
20230711,0,16,1545,0.0,0.0,,0.0,0.0,0.0,0.0,0.0,2
20230711,0,17,1412,0.0,0.0,,0.0,0.0,0.0,0.0,0.0,2
20230711,0,18,1186,0.0,0.0,,0.0,0.0,0.0,0.0,0.0,2
20230711,0,19,883,0.0,0.0,,0.0,0.0,0.0,0.0,0.0,2
20230711,0,20,654,0.0,0.0,,0.0,0.0,0.0,0.0,0.0,2
20230711,0,21,481,0.0,0.0,,0.0,0.0,0.0,0.0,0.0,2
20230711,0,22,300,0.0,0.0,,0.0,0.0,0.0,0.0,0.0,2
20230711,0,23,288,0.0,0.0,,0.0,0.0,0.0,0.0,0.0,2
20230718,0,5,705,0.0,0.0,,0.0,0.0,0.0,0.0,0.0,2
20230718,0,6,1018,0.0,0.0,,0.0,0.0,0.0,0.0,0.0,2
20230718,0,7,1364,0.0,0.0,,0.0,0.0,0.0,0.0,0.0,2
20230718,0,8,1590,0.0,0.0,,0.0,0.0,0.0,0.0,0.0,2
20230718,0,9,1966,0.0,0.0,,0.0,0.0,0.0,0.0,0.0,2
20230718,0,10,1270,0.0,0.0,,0.0,0.0,0.0,0.0,0.0,2
20230718,0,11,1963,0.0,0.0,,0.0,0.0,0.0,0.0,0.0,2
20230718,0,12,2620,0.0,0.0,,0.0,0.0,0.0,0.0,0.0,2
20230718,0,13,1884,0.0,0.0,,0.0,0.0,0.0,0.0,0.0,2
20230718,0,15,1756,0.0,0.0,,0.0,0.0,0.0,0.0,0.0,2
20230718,0,16,1559,0.0,0.0,,0.0,0.0,0.0,0.0,0.0,2
20230718,0,17,1266,0.0,0.0,,0.0,0.0,0.0,0.0,0.0,2
20230718,0,18,1118,0.0,0.0,,0.0,0.0,0.0,0.0,0.0,2
20230718,0,19,829,0.0,0.0,,0.0,0.0,0.0,0.0,0.0,2
20230718,0,20,642,0.0,0.0,,0.0,0.0,0.0,0.0,0.0,2
20230718,0,21,512,0.0,0.0,,0.0,0.0,0.0,0.0,0.0,2
20230718,0,22,541,0.0,0.0,,0.0,0.0,0.0,0.0,0.0,2
20230718,0,23,288,0.0,0.0,,0.0,0.0,0.0,0.0,0.0,2
20230725,0,5,698,0.0,0.0,0.0,0.0,0.0,0.0,0.0,0.0,2
20230725,0,6,1091,0.0,0.0,0.0,0.0,0.0,0.0,0.0,0.0,2
20230725,0,7,1392,0.0,0.0,0.0,0.0,0.0,0.0,0.0,0.0,2
20230725,0,8,1688,0.0,0.0,0.0,0.0,0.0,0.0,0.0,0.0,2
20230725,0,9,2060,0.0,0.0,0.0,0.0,0.0,0.0,0.0,0.0,2
20230725,0,10,2088,0.0,0.0,0.0,0.0,0.0,0.0,0.0,0.0,2
20230725,0,11,2222,0.0,0.0,0.0,0.0,0.0,0.0,0.0,0.0,2
20230725,0,12,1912,0.0,0.0,0.0,0.0,0.0,0.0,0.0,0.0,2
20230725,0,13,1945,0.0,0.0,0.0,0.0,0.0,0.0,0.0,0.0,2
20230725,0,15,1896,0.0,0.0,0.0,0.0,0.0,0.0,0.0,0.0,2
20230725,0,16,1787,0.0,0.0,0.0,0.0,0.0,0.0,0.0,0.0,2
20230725,0,17,1425,0.0,0.0,0.0,0.0,0.0,0.0,0.0,0.0,2
20230725,0,19,791,0.0,0.0,0.0,0.0,0.0,0.0,0.0,0.0,2
20230725,0,20,745,0.0,0.0,0.0,0.0,0.0,0.0,0.0,0.0,2
20230725,0,21,503,0.0,0.0,0.0,0.0,0.0,0.0,0.0,0.0,2
20230725,0,22,416,0.0,0.0,0.0,0.0,0.0,0.0,0.0,0.0,2
20230725,0,23,285,0.0,0.0,0.0,0.0,0.0,0.0,0.0,0.0,2
20230808,0,5,679,0.02,0.0,,0.0,0.0,0.0,0.0,0.0,2
20230808,0,6,1069,0.02,0.0,,0.0,0.0,0.0,0.0,0.0,2
20230808,0,7,1340,0.02,0.0,,0.0,0.0,0.0,0.0,0.0,2
20230808,0,9,1534,0.02,0.0,,0.0,0.0,0.0,0.0,0.0,2
20230808,0,11,1694,0.02,0.0,,0.0,0.0,0.0,0.0,0.0,2
20230808,0,12,1703,0.02,0.0,,0.0,0.0,0.0,0.0,0.0,2
20230808,0,13,1576,0.02,0.0,,0.0,0.0,0.0,0.0,0.0,2
20230808,0,15,2044,0.02,0.0,,0.0,0.0,0.0,0.0,0.0,2
20230808,0,18,1092,0.02,0.0,,0.0,0.0,0.0,0.0,0.0,2
20230808,0,19,845,0.02,0.0,,0.0,0.0,0.0,0.0,0.0,2
20230808,0,20,615,0.02,0.0,,0.0,0.0,0.0,0.0,0.0,2
20230808,0,21,476,0.02,0.0,,0.0,0.0,0.0,0.0,0.0,2
20230808,0,22,377,0.02,0.0,,0.0,0.0,0.0,0.0,0.0,2
20230808,0,23,313,0.02,0.0,,0.0,0.0,0.0,0.0,0.0,2
20230815,0,5,708,0.0,0.0,,0.0,0.0,0.0,0.0,0.0,2
20230815,0,6,1065,0.0,0.0,,0.0,0.0,0.0,0.0,0.0,2
20230815,0,7,1254,0.0,0.0,,0.0,0.0,0.0,0.0,0.0,2
20230815,0,8,1545,0.0,0.0,,0.0,0.0,0.0,0.0,0.0,2
20230815,0,9,1558,0.0,0.0,,0.0,0.0,0.0,0.0,0.0,2
20230815,0,10,1620,0.0,0.0,,0.0,0.0,0.0,0.0,0.0,2
20230815,0,11,1750,0.0,0.0,,0.0,0.0,0.0,0.0,0.0,2
20230815,0,12,1527,0.0,0.0,,0.0,0.0,0.0,0.0,0.0,2
20230815,0,13,1433,0.0,0.0,,0.0,0.0,0.0,0.0,0.0,2
20230815,0,14,1414,0.0,0.0,,0.0,0.0,0.0,0.0,0.0,2
20230815,0,15,1921,0.0,0.0,,0.0,0.0,0.0,0.0,0.0,2
20230815,0,16,1414,0.0,0.0,,0.0,0.0,0.0,0.0,0.0,2
20230815,0,17,1246,0.0,0.0,,0.0,0.0,0.0,0.0,0.0,2
20230815,0,18,1061,0.0,0.0,,0.0,0.0,0.0,0.0,0.0,2
20230815,0,19,913,0.0,0.0,,0.0,0.0,0.0,0.0,0.0,2
20230815,0,20,666,0.0,0.0,,0.0,0.0,0.0,0.0,0.0,2
20230815,0,21,503,0.0,0.0,,0.0,0.0,0.0,0.0,0.0,2
20230815,0,22,372,0.0,0.0,,0.0,0.0,0.0,0.0,0.0,2
20230815,0,23,238,0.0,0.0,,0.0,0.0,0.0,0.0,0.0,2
20230822,0,5,692,0.0,0.0,,0.0,0.0,0.0,0.0,0.0,2
20230822,0,8,1547,0.0,0.0,,0.0,0.0,0.0,0.0,0.0,2
20230822,0,9,1793,0.0,0.0,,0.0,0.0,0.0,0.0,0.0,2
20230822,0,10,1661,0.0,0.0,,0.0,0.0,0.0,0.0,0.0,2
20230822,0,11,1669,0.0,0.0,,0.0,0.0,0.0,0.0,0.0,2
20230822,0,12,1477,0.0,0.0,,0.0,0.0,0.0,0.0,0.0,2
20230822,0,13,1242,0.0,0.0,,0.0,0.0,0.0,0.0,0.0,2
20230822,0,14,1374,0.0,0.0,,0.0,0.0,0.0,0.0,0.0,2
20230822,0,15,1305,0.0,0.0,,0.0,0.0,0.0,0.0,0.0,2
20230822,0,16,1262,0.0,0.0,,0.0,0.0,0.0,0.0,0.0,2
20230822,0,17,1173,0.0,0.0,,0.0,0.0,0.0,0.0,0.0,2
20230822,0,18,955,0.0,0.0,,0.0,0.0,0.0,0.0,0.0,2
20230822,0,19,719,0.0,0.0,,0.0,0.0,0.0,0.0,0.0,2
20230822,0,20,566,0.0,0.0,,0.0,0.0,0.0,0.0,0.0,2
20230822,0,21,449,0.0,0.0,,0.0,0.0,0.0,0.0,0.0,2
20230822,0,22,319,0.0,0.0,,0.0,0.0,0.0,0.0,0.0,2
20230822,0,23,244,0.0,0.0,,0.0,0.0,0.0,0.0,0.0,2
20230829,0,5,674,0.0,0.0,,0.0,0.0,0.0,0.0,0.0,2
20230829,0,6,995,0.0,0.0,,0.0,0.0,0.0,0.0,0.0,2
20230829,0,7,1211,0.0,0.0,,0.0,0.0,0.0,0.0,0.0,2
20230829,0,8,1445,0.0,0.0,,0.0,0.0,0.0,0.0,0.0,2
20230829,0,9,1811,0.0,0.0,,0.0,0.0,0.0,0.0,0.0,2
20230829,0,10,1774,0.0,0.0,,0.0,0.0,0.0,0.0,0.0,2
20230829,0,11,1557,0.0,0.0,,0.0,0.0,0.0,0.0,0.0,2
20230829,0,12,1328,0.0,0.0,,0.0,0.0,0.0,0.0,0.0,2
20230829,0,13,1241,0.0,0.0,,0.0,0.0,0.0,0.0,0.0,2
20230829,0,14,1217,0.0,0.0,,0.0,0.0,0.0,0.0,0.0,2
20230829,0,15,1256,0.0,0.0,,0.0,0.0,0.0,0.0,0.0,2
20230829,0,16,1239,0.0,0.0,,0.0,0.0,0.0,0.0,0.0,2
20230829,0,17,1084,0.0,0.0,,0.0,0.0,0.0,0.0,0.0,2
20230829,0,18,910,0.0,0.0,,0.0,0.0,0.0,0.0,0.0,2
20230829,0,19,683,0.0,0.0,,0.0,0.0,0.0,0.0,0.0,2
20230829,0,20,589,0.0,0.0,,0.0,0.0,0.0,0.0,0.0,2
20230829,0,21,436,0.0,0.0,,0.0,0.0,0.0,0.0,0.0,2
20230829,0,22,331,0.0,0.0,,0.0,0.0,0.0,0.0,0.0,2
20230829,0,23,274,0.0,0.0,,0.0,0.0,0.0,0.0,0.0,2
20230905,0,5,839,0.0,0.0,,0.0,0.0,0.0,0.0,0.0,2
20230905,0,6,1166,0.0,0.0,,0.0,0.0,0.0,0.0,0.0,2
20230905,0,7,1270,0.0,0.0,,0.0,0.0,0.0,0.0,0.0,2
20230905,0,8,1397,0.0,0.0,,0.0,0.0,0.0,0.0,0.0,2
20230905,0,9,1699,0.0,0.0,,0.0,0.0,0.0,0.0,0.0,2
20230905,0,11,1627,0.0,0.0,,0.0,0.0,0.0,0.0,0.0,2
20230905,0,12,1579,0.0,0.0,,0.0,0.0,0.0,0.0,0.0,2
20230905,0,13,1402,0.0,0.0,,0.0,0.0,0.0,0.0,0.0,2
20230905,0,14,1359,0.0,0.0,,0.0,0.0,0.0,0.0,0.0,2
20230905,0,15,1235,0.0,0.0,,0.0,0.0,0.0,0.0,0.0,2
20230905,0,16,1304,0.0,0.0,,0.0,0.0,0.0,0.0,0.0,2
20230905,0,17,1138,0.0,0.0,,0.0,0.0,0.0,0.0,0.0,2
20230905,0,18,983,0.0,0.0,,0.0,0.0,0.0,0.0,0.0,2
20230905,0,19,752,0.0,0.0,,0.0,0.0,0.0,0.0,0.0,2
20230905,0,20,575,0.0,0.0,,0.0,0.0,0.0,0.0,0.0,2
20230905,0,21,456,0.0,0.0,,0.0,0.0,0.0,0.0,0.0,2
20230905,0,22,249,0.0,0.0,,0.0,0.0,0.0,0.0,0.0,2
20230905,0,23,237,0.0,0.0,,0.0,0.0,0.0,0.0,0.0,2
20230912,0,5,653,0.0,0.0,,0.0,0.0,0.0,0.0,0.0,2
20230912,0,6,1014,0.0,0.0,,0.0,0.0,0.0,0.0,0.0,2
20230912,0,7,1213,0.0,0.0,,0.0,0.0,0.0,0.0,0.0,2
20230912,0,8,1422,0.0,0.0,,0.0,0.0,0.0,0.0,0.0,2
20230912,0,9,1734,0.0,0.0,,0.0,0.0,0.0,0.0,0.0,2
20230912,0,10,1734,0.0,0.0,,0.0,0.0,0.0,0.0,0.0,2
20230912,0,11,1605,0.0,0.0,,0.0,0.0,0.0,0.0,0.0,2
20230912,0,12,1535,0.0,0.0,,0.0,0.0,0.0,0.0,0.0,2
20230912,0,13,1410,0.0,0.0,,0.0,0.0,0.0,0.0,0.0,2
20230912,0,14,1368,0.0,0.0,,0.0,0.0,0.0,0.0,0.0,2
20230912,0,15,1293,0.0,0.0,,0.0,0.0,0.0,0.0,0.0,2
20230912,0,16,1258,0.0,0.0,,0.0,0.0,0.0,0.0,0.0,2
20230912,0,17,987,0.0,0.0,,0.0,0.0,0.0,0.0,0.0,2
20230912,0,18,969,0.0,0.0,,0.0,0.0,0.0,0.0,0.0,2
20230912,0,19,794,0.0,0.0,,0.0,0.0,0.0,0.0,0.0,2
20230912,0,20,629,0.0,0.0,,0.0,0.0,0.0,0.0,0.0,2
20230912,0,21,428,0.0,0.0,,0.0,0.0,0.0,0.0,0.0,2
20230912,0,22,340,0.0,0.0,,0.0,0.0,0.0,0.0,0.0,2
20230912,0,23,204,0.0,0.0,,0.0,0.0,0.0,0.0,0.0,2
20230919,0,5,652,,,,,0.0,0.0,0.0,0.0,2
20230919,0,6,990,,,,,0.0,0.0,0.0,0.0,2
20230919,0,7,1140,,,,,0.0,0.0,0.0,0.0,2
20230919,0,8,1409,,,,,0.0,0.0,0.0,0.0,2
20230919,0,9,1586,,,,,0.0,0.0,0.0,0.0,2
20230919,0,10,1699,,,,,0.0,0.0,0.0,0.0,2
20230919,0,11,1544,,,,,0.0,0.0,0.0,0.0,2
20230919,0,12,1498,,,,,0.0,0.0,0.0,0.0,2
20230919,0,13,1405,,,,,0.0,0.0,0.0,0.0,2
20230919,0,14,1342,,,,,0.0,0.0,0.0,0.0,2
20230919,0,15,1256,,,,,0.0,0.0,0.0,0.0,2
20230919,0,17,1132,,,,,0.0,0.0,0.0,0.0,2
20230919,0,18,869,,,,,0.0,0.0,0.0,0.0,2
20230919,0,19,734,,,,,0.0,0.0,0.0,0.0,2
20230919,0,20,545,,,,,0.0,0.0,0.0,0.0,2
20230919,0,21,369,,,,,0.0,0.0,0.0,0.0,2
20230919,0,22,273,,,,,0.0,0.0,0.0,0.0,2
20230919,0,23,228,,,,,0.0,0.0,0.0,0.0,2
20230926,0,5,638,0.0,0.0,,0.0,0.0,0.0,0.0,0.0,2
20230926,0,6,1032,0.0,0.0,,0.0,0.0,0.0,0.0,0.0,2
20230926,0,7,1221,0.0,0.0,,0.0,0.0,0.0,0.0,0.0,2
20230926,0,8,1430,0.0,0.0,,0.0,0.0,0.0,0.0,0.0,2
20230926,0,9,1901,0.0,0.0,,0.0,0.0,0.0,0.0,0.0,2
20230926,0,10,1926,0.0,0.0,,0.0,0.0,0.0,0.0,0.0,2
20230926,0,11,1833,0.0,0.0,,0.0,0.0,0.0,0.0,0.0,2
20230926,0,12,1597,0.0,0.0,,0.0,0.0,0.0,0.0,0.0,2
20230926,0,13,1574,0.0,0.0,,0.0,0.0,0.0,0.0,0.0,2
20230926,0,14,1374,0.0,0.0,,0.0,0.0,0.0,0.0,0.0,2
20230926,0,15,1350,0.0,0.0,,0.0,0.0,0.0,0.0,0.0,2
20230926,0,16,1336,0.0,0.0,,0.0,0.0,0.0,0.0,0.0,2
20230926,0,17,1105,0.0,0.0,,0.0,0.0,0.0,0.0,0.0,2
20230926,0,18,925,0.0,0.0,,0.0,0.0,0.0,0.0,0.0,2
20230926,0,19,689,0.0,0.0,,0.0,0.0,0.0,0.0,0.0,2
20230926,0,20,566,0.0,0.0,,0.0,0.0,0.0,0.0,0.0,2
20230926,0,21,437,0.0,0.0,,0.0,0.0,0.0,0.0,0.0,2
20230926,0,22,334,0.0,0.0,,0.0,0.0,0.0,0.0,0.0,2
20230926,0,23,281,0.0,0.0,,0.0,0.0,0.0,0.0,0.0,2
20231010,0,6,919,0.0,0.0,,0.0,0.0,0.0,0.0,0.0,2
20231010,0,7,1302,0.0,0.0,,0.0,0.0,0.0,0.0,0.0,2
20231010,0,8,1390,0.0,0.0,,0.0,0.0,0.0,0.0,0.0,2
20231010,0,9,1726,0.0,0.0,,0.0,0.0,0.0,0.0,0.0,2
20231010,0,10,1794,0.0,0.0,,0.0,0.0,0.0,0.0,0.0,2
20231010,0,11,1655,0.0,0.0,,0.0,0.0,0.0,0.0,0.0,2
20231010,0,12,1542,0.0,0.0,,0.0,0.0,0.0,0.0,0.0,2
20231010,0,13,1411,0.0,0.0,,0.0,0.0,0.0,0.0,0.0,2
20231010,0,14,1335,0.0,0.0,,0.0,0.0,0.0,0.0,0.0,2
20231010,0,15,1335,0.0,0.0,,0.0,0.0,0.0,0.0,0.0,2
20231010,0,16,1275,0.0,0.0,,0.0,0.0,0.0,0.0,0.0,2
20231010,0,17,1122,0.0,0.0,,0.0,0.0,0.0,0.0,0.0,2
20231010,0,18,942,0.0,0.0,,0.0,0.0,0.0,0.0,0.0,2
20231010,0,19,741,0.0,0.0,,0.0,0.0,0.0,0.0,0.0,2
20231010,0,20,532,0.0,0.0,,0.0,0.0,0.0,0.0,0.0,2
20231010,0,21,400,0.0,0.0,,0.0,0.0,0.0,0.0,0.0,2
20231010,0,22,284,0.0,0.0,,0.0,0.0,0.0,0.0,0.0,2
20231010,0,23,217,0.0,0.0,,0.0,0.0,0.0,0.0,0.0,2
20231017,0,5,612,0.0,0.0,,0.8999999999999965,0.0,0.0,0.0,0.0,2
20231017,0,7,1167,0.0,0.0,,0.8999999999999965,0.0,0.0,0.0,0.0,2
20231017,0,8,1298,0.0,0.0,,0.8999999999999965,0.0,0.0,0.0,0.0,2
20231017,0,9,1563,0.0,0.0,,0.8999999999999965,0.0,0.0,0.0,0.0,2
20231017,0,10,1617,0.0,0.0,,0.8999999999999965,0.0,0.0,0.0,0.0,2
20231017,0,11,1637,0.0,0.0,,0.8999999999999965,0.0,0.0,0.0,0.0,2
20231017,0,12,1471,0.0,0.0,,0.8999999999999965,0.0,0.0,0.0,0.0,2
20231017,0,13,1459,0.0,0.0,,0.8999999999999965,0.0,0.0,0.0,0.0,2
20231017,0,14,1354,0.0,0.0,,0.8999999999999965,0.0,0.0,0.0,0.0,2
20231017,0,16,1200,0.0,0.0,,0.8999999999999965,0.0,0.0,0.0,0.0,2
20231017,0,17,1015,0.0,0.0,,0.8999999999999965,0.0,0.0,0.0,0.0,2
20231017,0,19,691,0.0,0.0,,0.8999999999999965,0.0,0.0,0.0,0.0,2
20231017,0,21,400,0.0,0.0,,0.8999999999999965,0.0,0.0,0.0,0.0,2
20231017,0,22,252,0.0,0.0,,0.8999999999999965,0.0,0.0,0.0,0.0,2
20231017,0,23,232,0.0,0.0,,0.8999999999999965,0.0,0.0,0.0,0.0,2
20231024,0,5,602,0.0,0.0,,0.0,0.0,0.0,0.0,0.0,2
20231024,0,6,857,0.0,0.0,,0.0,0.0,0.0,0.0,0.0,2
20231024,0,7,1087,0.0,0.0,,0.0,0.0,0.0,0.0,0.0,2
20231024,0,8,1161,0.0,0.0,,0.0,0.0,0.0,0.0,0.0,2
20231024,0,9,1404,0.0,0.0,,0.0,0.0,0.0,0.0,0.0,2
20231024,0,10,1347,0.0,0.0,,0.0,0.0,0.0,0.0,0.0,2
20231024,0,11,1278,0.0,0.0,,0.0,0.0,0.0,0.0,0.0,2
20231024,0,12,1204,0.0,0.0,,0.0,0.0,0.0,0.0,0.0,2
20231024,0,13,1179,0.0,0.0,,0.0,0.0,0.0,0.0,0.0,2
20231024,0,14,1116,0.0,0.0,,0.0,0.0,0.0,0.0,0.0,2
20231024,0,15,1183,0.0,0.0,,0.0,0.0,0.0,0.0,0.0,2
20231024,0,16,1097,0.0,0.0,,0.0,0.0,0.0,0.0,0.0,2
20231024,0,17,910,0.0,0.0,,0.0,0.0,0.0,0.0,0.0,2
20231024,0,18,814,0.0,0.0,,0.0,0.0,0.0,0.0,0.0,2
20231024,0,19,593,0.0,0.0,,0.0,0.0,0.0,0.0,0.0,2
20231024,0,20,477,0.0,0.0,,0.0,0.0,0.0,0.0,0.0,2
20231024,0,21,404,0.0,0.0,,0.0,0.0,0.0,0.0,0.0,2
20231024,0,23,181,0.0,0.0,,0.0,0.0,0.0,0.0,0.0,2
20231107,0,5,589,0.0,0.0,,0.0,0.0,0.0,0.0,0.0,2
20231107,0,6,871,0.0,0.0,,0.0,0.0,0.0,0.0,0.0,2
20231107,0,7,1160,0.0,0.0,,0.0,0.0,0.0,0.0,0.0,2
20231107,0,9,1573,0.0,0.0,,0.0,0.0,0.0,0.0,0.0,2
20231107,0,10,1252,0.0,0.0,,0.0,0.0,0.0,0.0,0.0,2
20231107,0,11,1181,0.0,0.0,,0.0,0.0,0.0,0.0,0.0,2
20231107,0,12,1084,0.0,0.0,,0.0,0.0,0.0,0.0,0.0,2
20231107,0,13,1088,0.0,0.0,,0.0,0.0,0.0,0.0,0.0,2
20231107,0,14,1052,0.0,0.0,,0.0,0.0,0.0,0.0,0.0,2
20231107,0,15,1084,0.0,0.0,,0.0,0.0,0.0,0.0,0.0,2
20231107,0,16,1051,0.0,0.0,,0.0,0.0,0.0,0.0,0.0,2
20231107,0,17,870,0.0,0.0,,0.0,0.0,0.0,0.0,0.0,2
20231107,0,18,689,0.0,0.0,,0.0,0.0,0.0,0.0,0.0,2
20231107,0,19,553,0.0,0.0,,0.0,0.0,0.0,0.0,0.0,2
20231107,0,20,457,0.0,0.0,,0.0,0.0,0.0,0.0,0.0,2
20231107,0,21,302,0.0,0.0,,0.0,0.0,0.0,0.0,0.0,2
20231107,0,22,257,0.0,0.0,,0.0,0.0,0.0,0.0,0.0,2
20231107,0,23,185,0.0,0.0,,0.0,0.0,0.0,0.0,0.0,2
20231114,0,5,519,0.0,0.0,,0.2999999999999964,0.0,0.0,0.0,0.0,2
20231114,0,6,830,0.0,0.0,,0.2999999999999964,0.0,0.0,0.0,0.0,2
20231114,0,7,1214,0.0,0.0,,0.2999999999999964,0.0,0.0,0.0,0.0,2
20231114,0,8,1406,0.0,0.0,,0.2999999999999964,0.0,0.0,0.0,0.0,2
20231114,0,9,1489,0.0,0.0,,0.2999999999999964,0.0,0.0,0.0,0.0,2
20231114,0,10,1199,0.0,0.0,,0.2999999999999964,0.0,0.0,0.0,0.0,2
20231114,0,11,1230,0.0,0.0,,0.2999999999999964,0.0,0.0,0.0,0.0,2
20231114,0,12,1119,0.0,0.0,,0.2999999999999964,0.0,0.0,0.0,0.0,2
20231114,0,13,1094,0.0,0.0,,0.2999999999999964,0.0,0.0,0.0,0.0,2
20231114,0,14,1091,0.0,0.0,,0.2999999999999964,0.0,0.0,0.0,0.0,2
20231114,0,15,1031,0.0,0.0,,0.2999999999999964,0.0,0.0,0.0,0.0,2
20231114,0,17,903,0.0,0.0,,0.2999999999999964,0.0,0.0,0.0,0.0,2
20231114,0,18,723,0.0,0.0,,0.2999999999999964,0.0,0.0,0.0,0.0,2
20231114,0,19,562,0.0,0.0,,0.2999999999999964,0.0,0.0,0.0,0.0,2
20231114,0,20,489,0.0,0.0,,0.2999999999999964,0.0,0.0,0.0,0.0,2
20231114,0,21,315,0.0,0.0,,0.2999999999999964,0.0,0.0,0.0,0.0,2
20231114,0,22,207,0.0,0.0,,0.2999999999999964,0.0,0.0,0.0,0.0,2
20231114,0,23,202,0.0,0.0,,0.2999999999999964,0.0,0.0,0.0,0.0,2
20231121,0,5,541,0.02,0.0,,2.099999999999996,0.0,0.0,0.0,0.0,2
20231121,0,6,901,0.02,0.0,,2.099999999999996,0.0,0.0,0.0,0.0,2
20231121,0,8,2077,0.02,0.0,,2.099999999999996,0.0,0.0,0.0,0.0,2
20231121,0,9,2132,0.02,0.0,,2.099999999999996,0.0,0.0,0.0,0.0,2
20231121,0,10,2079,0.02,0.0,,2.099999999999996,0.0,0.0,0.0,0.0,2
20231121,0,11,2104,0.02,0.0,,2.099999999999996,0.0,0.0,0.0,0.0,2
20231121,0,12,1973,0.02,0.0,,2.099999999999996,0.0,0.0,0.0,0.0,2
20231121,0,13,1863,0.02,0.0,,2.099999999999996,0.0,0.0,0.0,0.0,2
20231121,0,14,1863,0.02,0.0,,2.099999999999996,0.0,0.0,0.0,0.0,2
20231121,0,16,1795,0.02,0.0,,2.099999999999996,0.0,0.0,0.0,0.0,2
20231121,0,17,1479,0.02,0.0,,2.099999999999996,0.0,0.0,0.0,0.0,2
20231121,0,18,1176,0.02,0.0,,2.099999999999996,0.0,0.0,0.0,0.0,2
20231121,0,19,970,0.02,0.0,,2.099999999999996,0.0,0.0,0.0,0.0,2
20231121,0,20,740,0.02,0.0,,2.099999999999996,0.0,0.0,0.0,0.0,2
20231121,0,21,509,0.02,0.0,,2.099999999999996,0.0,0.0,0.0,0.0,2
20231121,0,23,272,0.02,0.0,,2.099999999999996,0.0,0.0,0.0,0.0,2
20231128,0,5,500,0.0,0.0,,1.6999999999999964,0.0,0.0,0.0,0.0,2
20231128,0,6,719,0.0,0.0,,1.6999999999999964,0.0,0.0,0.0,0.0,2
20231128,0,7,1221,0.0,0.0,,1.6999999999999964,0.0,0.0,0.0,0.0,2
20231128,0,8,1437,0.0,0.0,,1.6999999999999964,0.0,0.0,0.0,0.0,2
20231128,0,9,1483,0.0,0.0,,1.6999999999999964,0.0,0.0,0.0,0.0,2
20231128,0,10,1287,0.0,0.0,,1.6999999999999964,0.0,0.0,0.0,0.0,2
20231128,0,11,1120,0.0,0.0,,1.6999999999999964,0.0,0.0,0.0,0.0,2
20231128,0,12,1145,0.0,0.0,,1.6999999999999964,0.0,0.0,0.0,0.0,2
20231128,0,13,1060,0.0,0.0,,1.6999999999999964,0.0,0.0,0.0,0.0,2
20231128,0,14,1044,0.0,0.0,,1.6999999999999964,0.0,0.0,0.0,0.0,2
20231128,0,16,1150,0.0,0.0,,1.6999999999999964,0.0,0.0,0.0,0.0,2
20231128,0,18,710,0.0,0.0,,1.6999999999999964,0.0,0.0,0.0,0.0,2
20231128,0,19,556,0.0,0.0,,1.6999999999999964,0.0,0.0,0.0,0.0,2
20231128,0,20,444,0.0,0.0,,1.6999999999999964,0.0,0.0,0.0,0.0,2
20231128,0,22,234,0.0,0.0,,1.6999999999999964,0.0,0.0,0.0,0.0,2
20231128,0,23,168,0.0,0.0,,1.6999999999999964,0.0,0.0,0.0,0.0,2
20231219,0,5,545,0.0,0.0,,0.0,0.0,0.0,0.0,0.0,2
20231219,0,6,942,0.0,0.0,,0.0,0.0,0.0,0.0,0.0,2
20231219,0,7,2116,0.0,0.0,,0.0,0.0,0.0,0.0,0.0,2
20231219,0,8,2464,0.0,0.0,,0.0,0.0,0.0,0.0,0.0,2
20231219,0,9,2337,0.0,0.0,,0.0,0.0,0.0,0.0,0.0,2
20231219,0,10,1913,0.0,0.0,,0.0,0.0,0.0,0.0,0.0,2
20231219,0,11,1697,0.0,0.0,,0.0,0.0,0.0,0.0,0.0,2
20231219,0,12,1447,0.0,0.0,,0.0,0.0,0.0,0.0,0.0,2
20231219,0,13,1548,0.0,0.0,,0.0,0.0,0.0,0.0,0.0,2
20231219,0,14,1559,0.0,0.0,,0.0,0.0,0.0,0.0,0.0,2
20231219,0,15,1465,0.0,0.0,,0.0,0.0,0.0,0.0,0.0,2
20231219,0,17,1189,0.0,0.0,,0.0,0.0,0.0,0.0,0.0,2
20231219,0,18,1047,0.0,0.0,,0.0,0.0,0.0,0.0,0.0,2
20231219,0,19,813,0.0,0.0,,0.0,0.0,0.0,0.0,0.0,2
20231219,0,20,727,0.0,0.0,,0.0,0.0,0.0,0.0,0.0,2
20231219,0,21,506,0.0,0.0,,0.0,0.0,0.0,0.0,0.0,2
20231219,0,22,346,0.0,0.0,,0.0,0.0,0.0,0.0,0.0,2
20231219,0,23,207,0.0,0.0,,0.0,0.0,0.0,0.0,0.0,2
20231226,0,6,993,0.04,0.5,,1.3999999999999964,0.0,0.0,0.0,0.0,2
20231226,0,8,2247,0.04,0.5,,1.3999999999999964,0.0,0.0,0.0,0.0,2
20231226,0,10,2610,0.04,0.5,,1.3999999999999964,0.0,0.0,0.0,0.0,2
20231226,0,11,2987,0.04,0.5,,1.3999999999999964,0.0,0.0,0.0,0.0,2
20231226,0,12,3125,0.04,0.5,,1.3999999999999964,0.0,0.0,0.0,0.0,2
20231226,0,13,3195,0.04,0.5,,1.3999999999999964,0.0,0.0,0.0,0.0,2
20231226,0,14,3024,0.04,0.5,,1.3999999999999964,0.0,0.0,0.0,0.0,2
20231226,0,16,2122,0.04,0.5,,1.3999999999999964,0.0,0.0,0.0,0.0,2
20231226,0,17,1511,0.04,0.5,,1.3999999999999964,0.0,0.0,0.0,0.0,2
20231226,0,18,1018,0.04,0.5,,1.3999999999999964,0.0,0.0,0.0,0.0,2
20231226,0,19,727,0.04,0.5,,1.3999999999999964,0.0,0.0,0.0,0.0,2
20231226,0,20,626,0.04,0.5,,1.3999999999999964,0.0,0.0,0.0,0.0,2
20231226,0,21,493,0.04,0.5,,1.3999999999999964,0.0,0.0,0.0,0.0,2
20231226,0,22,391,0.04,0.5,,1.3999999999999964,0.0,0.0,0.0,0.0,2
20231226,0,23,268,0.04,0.5,,1.3999999999999964,0.0,0.0,0.0,0.0,2
20231227,0,6,1617,0.05,1.5,,2.8999999999999964,0.0,0.0,0.0,0.0,3
20231227,0,7,3138,0.05,1.5,,2.8999999999999964,0.0,0.0,0.0,0.0,3
20231227,0,8,3443,0.05,1.5,,2.8999999999999964,0.0,0.0,0.0,0.0,3
20231227,0,9,3341,0.05,1.5,,2.8999999999999964,0.0,0.0,0.0,0.0,3
20231227,0,10,3141,0.05,1.5,,2.8999999999999964,0.0,0.0,0.0,0.0,3
20231227,0,11,3185,0.05,1.5,,2.8999999999999964,0.0,0.0,0.0,0.0,3
20231227,0,12,3062,0.05,1.5,,2.8999999999999964,0.0,0.0,0.0,0.0,3
20231227,0,13,2842,0.05,1.5,,2.8999999999999964,0.0,0.0,0.0,0.0,3
20231227,0,14,2940,0.05,1.5,,2.8999999999999964,0.0,0.0,0.0,0.0,3
20231227,0,15,2936,0.05,1.5,,2.8999999999999964,0.0,0.0,0.0,0.0,3
20240102,0,5,594,0.0,0.0,,1.4999999999999964,0.0,0.0,0.0,0.0,2
20240102,0,6,1212,0.0,0.0,,1.4999999999999964,0.0,0.0,0.0,0.0,2
20240102,0,10,2549,0.0,0.0,,1.4999999999999964,0.0,0.0,0.0,0.0,2
20240102,0,11,2404,0.0,0.0,,1.4999999999999964,0.0,0.0,0.0,0.0,2
20240102,0,12,2157,0.0,0.0,,1.4999999999999964,0.0,0.0,0.0,0.0,2
20240102,0,13,2205,0.0,0.0,,1.4999999999999964,0.0,0.0,0.0,0.0,2
20240102,0,14,2163,0.0,0.0,,1.4999999999999964,0.0,0.0,0.0,0.0,2
20240102,0,15,1930,0.0,0.0,,1.4999999999999964,0.0,0.0,0.0,0.0,2
20240102,0,16,1541,0.0,0.0,,1.4999999999999964,0.0,0.0,0.0,0.0,2
20240102,0,17,1219,0.0,0.0,,1.4999999999999964,0.0,0.0,0.0,0.0,2
20240102,0,18,875,0.0,0.0,,1.4999999999999964,0.0,0.0,0.0,0.0,2
20240102,0,19,711,0.0,0.0,,1.4999999999999964,0.0,0.0,0.0,0.0,2
20240102,0,20,539,0.0,0.0,,1.4999999999999964,0.0,0.0,0.0,0.0,2
20240102,0,21,439,0.0,0.0,,1.4999999999999964,0.0,0.0,0.0,0.0,2
20240102,0,22,342,0.0,0.0,,1.4999999999999964,0.0,0.0,0.0,0.0,2
20240102,0,23,211,0.0,0.0,,1.4999999999999964,0.0,0.0,0.0,0.0,2
20240130,0,5,546,0.0,0.0,,0.3999999999999964,0.0,0.0,0.0,0.0,2
20240130,0,6,949,0.0,0.0,,0.3999999999999964,0.0,0.0,0.0,0.0,2
20240130,0,7,1971,0.0,0.0,,0.3999999999999964,0.0,0.0,0.0,0.0,2
20240130,0,8,2246,0.0,0.0,,0.3999999999999964,0.0,0.0,0.0,0.0,2
20240130,0,9,2433,0.0,0.0,,0.3999999999999964,0.0,0.0,0.0,0.0,2
20240130,0,10,1776,0.0,0.0,,0.3999999999999964,0.0,0.0,0.0,0.0,2
20240130,0,11,1443,0.0,0.0,,0.3999999999999964,0.0,0.0,0.0,0.0,2
20240130,0,12,1183,0.0,0.0,,0.3999999999999964,0.0,0.0,0.0,0.0,2
20240130,0,13,1060,0.0,0.0,,0.3999999999999964,0.0,0.0,0.0,0.0,2
20240130,0,14,1252,0.0,0.0,,0.3999999999999964,0.0,0.0,0.0,0.0,2
20240130,0,15,1174,0.0,0.0,,0.3999999999999964,0.0,0.0,0.0,0.0,2
20240130,0,16,1147,0.0,0.0,,0.3999999999999964,0.0,0.0,0.0,0.0,2
20240130,0,18,807,0.0,0.0,,0.3999999999999964,0.0,0.0,0.0,0.0,2
20240130,0,19,560,0.0,0.0,,0.3999999999999964,0.0,0.0,0.0,0.0,2
20240130,0,20,460,0.0,0.0,,0.3999999999999964,0.0,0.0,0.0,0.0,2
20240130,0,21,372,0.0,0.0,,0.3999999999999964,0.0,0.0,0.0,0.0,2
20240130,0,22,213,0.0,0.0,,0.3999999999999964,0.0,0.0,0.0,0.0,2
20240206,0,5,465,0.0,0.0,,3.0999999999999965,0.0,0.0,0.0,0.0,2
20240206,0,6,939,0.0,0.0,,3.0999999999999965,0.0,0.0,0.0,0.0,2
20240206,0,7,2101,0.0,0.0,,3.0999999999999965,0.0,0.0,0.0,0.0,2
20240206,0,8,2364,0.0,0.0,,3.0999999999999965,0.0,0.0,0.0,0.0,2
20240206,0,9,2119,0.0,0.0,,3.0999999999999965,0.0,0.0,0.0,0.0,2
20240206,0,10,1613,0.0,0.0,,3.0999999999999965,0.0,0.0,0.0,0.0,2
20240206,0,11,1350,0.0,0.0,,3.0999999999999965,0.0,0.0,0.0,0.0,2
20240206,0,12,1226,0.0,0.0,,3.0999999999999965,0.0,0.0,0.0,0.0,2
20240206,0,13,1201,0.0,0.0,,3.0999999999999965,0.0,0.0,0.0,0.0,2
20240206,0,14,1162,0.0,0.0,,3.0999999999999965,0.0,0.0,0.0,0.0,2
20240206,0,15,1156,0.0,0.0,,3.0999999999999965,0.0,0.0,0.0,0.0,2
20240206,0,16,1271,0.0,0.0,,3.0999999999999965,0.0,0.0,0.0,0.0,2
20240206,0,18,778,0.0,0.0,,3.0999999999999965,0.0,0.0,0.0,0.0,2
20240206,0,19,581,0.0,0.0,,3.0999999999999965,0.0,0.0,0.0,0.0,2
20240206,0,20,559,0.0,0.0,,3.0999999999999965,0.0,0.0,0.0,0.0,2
20240206,0,21,338,0.0,0.0,,3.0999999999999965,0.0,0.0,0.0,0.0,2
20240206,0,22,229,0.0,0.0,,3.0999999999999965,0.0,0.0,0.0,0.0,2
20240206,0,23,154,0.0,0.0,,3.0999999999999965,0.0,0.0,0.0,0.0,2
20240312,0,6,979,0.04,0.5,,0.5999999999999964,0.0,0.0,0.0,0.0,2
20240312,0,7,2081,0.04,0.5,,0.5999999999999964,0.0,0.0,0.0,0.0,2
20240312,0,9,2343,0.04,0.5,,0.5999999999999964,0.0,0.0,0.0,0.0,2
20240312,0,10,1838,0.04,0.5,,0.5999999999999964,0.0,0.0,0.0,0.0,2
20240312,0,11,1603,0.04,0.5,,0.5999999999999964,0.0,0.0,0.0,0.0,2
20240312,0,12,1403,0.04,0.5,,0.5999999999999964,0.0,0.0,0.0,0.0,2
20240312,0,13,1453,0.04,0.5,,0.5999999999999964,0.0,0.0,0.0,0.0,2
20240312,0,14,1596,0.04,0.5,,0.5999999999999964,0.0,0.0,0.0,0.0,2
20240312,0,15,1460,0.04,0.5,,0.5999999999999964,0.0,0.0,0.0,0.0,2
20240312,0,17,1306,0.04,0.5,,0.5999999999999964,0.0,0.0,0.0,0.0,2
20240312,0,18,1097,0.04,0.5,,0.5999999999999964,0.0,0.0,0.0,0.0,2
20240312,0,19,786,0.04,0.5,,0.5999999999999964,0.0,0.0,0.0,0.0,2
20240312,0,20,676,0.04,0.5,,0.5999999999999964,0.0,0.0,0.0,0.0,2
20240312,0,21,506,0.04,0.5,,0.5999999999999964,0.0,0.0,0.0,0.0,2
20240312,0,22,347,0.04,0.5,,0.5999999999999964,0.0,0.0,0.0,0.0,2
20240312,0,23,232,0.04,0.5,,0.5999999999999964,0.0,0.0,0.0,0.0,2
20240313,0,7,1780,0.09,1.0,,1.5999999999999963,0.0,0.0,0.0,0.0,3
20240313,0,8,1987,0.09,1.0,,1.5999999999999963,0.0,0.0,0.0,0.0,3
20240313,0,9,1524,0.09,1.0,,1.5999999999999963,0.0,0.0,0.0,0.0,3
20240313,0,10,1806,0.09,1.0,,1.5999999999999963,0.0,0.0,0.0,0.0,3
20240313,0,11,1729,0.09,1.0,,1.5999999999999963,0.0,0.0,0.0,0.0,3
20240313,0,12,1594,0.09,1.0,,1.5999999999999963,0.0,0.0,0.0,0.0,3
20240313,0,13,1607,0.09,1.0,,1.5999999999999963,0.0,0.0,0.0,0.0,3
20240313,0,14,1330,0.09,1.0,,1.5999999999999963,0.0,0.0,0.0,0.0,3
20240313,0,15,1681,0.09,1.0,,1.5999999999999963,0.0,0.0,0.0,0.0,3
20240313,0,16,1652,0.09,1.0,,1.5999999999999963,0.0,0.0,0.0,0.0,3
20240313,0,17,1517,0.09,1.0,,1.5999999999999963,0.0,0.0,0.0,0.0,3
20240313,0,19,484,0.09,1.0,,1.5999999999999963,0.0,0.0,0.0,0.0,3
20240313,0,21,60,0.09,1.0,,1.5999999999999963,0.0,0.0,0.0,0.0,3
20240313,0,22,112,0.09,1.0,,1.5999999999999963,0.0,0.0,0.0,0.0,3
20240313,0,23,24,0.09,1.0,,1.5999999999999963,0.0,0.0,0.0,0.0,3
20240325,0,7,1155,0.07,1.2,,1.8999999999999964,0.0,0.0,0.0,0.0,1
20240325,0,8,1747,0.07,1.2,,1.8999999999999964,0.0,0.0,0.0,0.0,1
20240325,0,9,2384,0.07,1.2,,1.8999999999999964,0.0,0.0,0.0,0.0,1
20240325,0,10,1706,0.07,1.2,,1.8999999999999964,0.0,0.0,0.0,0.0,1
20240325,0,12,1597,0.07,1.2,,1.8999999999999964,0.0,0.0,0.0,0.0,1
20240325,0,13,1411,0.07,1.2,,1.8999999999999964,0.0,0.0,0.0,0.0,1
20240325,0,14,1524,0.07,1.2,,1.8999999999999964,0.0,0.0,0.0,0.0,1
20240325,0,15,1290,0.07,1.2,,1.8999999999999964,0.0,0.0,0.0,0.0,1
20240325,0,16,1111,0.07,1.2,,1.8999999999999964,0.0,0.0,0.0,0.0,1
20240325,0,17,914,0.07,1.2,,1.8999999999999964,0.0,0.0,0.0,0.0,1
20240325,0,18,709,0.07,1.2,,1.8999999999999964,0.0,0.0,0.0,0.0,1
20240325,0,19,547,0.07,1.2,,1.8999999999999964,0.0,0.0,0.0,0.0,1
20240325,0,20,475,0.07,1.2,,1.8999999999999964,0.0,0.0,0.0,0.0,1
20240325,0,21,370,0.07,1.2,,1.8999999999999964,0.0,0.0,0.0,0.0,1
20240325,0,22,283,0.07,1.2,,1.8999999999999964,0.0,0.0,0.0,0.0,1
20240325,0,23,188,0.07,1.2,,1.8999999999999964,0.0,0.0,0.0,0.0,1
20240326,0,5,439,0.0,0.0,,1.8999999999999964,0.0,0.0,0.0,0.0,2
20240326,0,6,922,0.0,0.0,,1.8999999999999964,0.0,0.0,0.0,0.0,2
20240326,0,7,1995,0.0,0.0,,1.8999999999999964,0.0,0.0,0.0,0.0,2
20240326,0,8,2408,0.0,0.0,,1.8999999999999964,0.0,0.0,0.0,0.0,2
20240326,0,9,2185,0.0,0.0,,1.8999999999999964,0.0,0.0,0.0,0.0,2
20240326,0,10,1670,0.0,0.0,,1.8999999999999964,0.0,0.0,0.0,0.0,2
20240326,0,11,1549,0.0,0.0,,1.8999999999999964,0.0,0.0,0.0,0.0,2
20240326,0,12,1370,0.0,0.0,,1.8999999999999964,0.0,0.0,0.0,0.0,2
20240326,0,13,1231,0.0,0.0,,1.8999999999999964,0.0,0.0,0.0,0.0,2
20240326,0,14,1313,0.0,0.0,,1.8999999999999964,0.0,0.0,0.0,0.0,2
20240326,0,16,1305,0.0,0.0,,1.8999999999999964,0.0,0.0,0.0,0.0,2
20240326,0,17,1078,0.0,0.0,,1.8999999999999964,0.0,0.0,0.0,0.0,2
20240326,0,18,988,0.0,0.0,,1.8999999999999964,0.0,0.0,0.0,0.0,2
20240326,0,19,743,0.0,0.0,,1.8999999999999964,0.0,0.0,0.0,0.0,2
20240326,0,20,532,0.0,0.0,,1.8999999999999964,0.0,0.0,0.0,0.0,2
20240326,0,21,359,0.0,0.0,,1.8999999999999964,0.0,0.0,0.0,0.0,2
20240326,0,22,352,0.0,0.0,,1.8999999999999964,0.0,0.0,0.0,0.0,2
20240326,0,23,179,0.0,0.0,,1.8999999999999964,0.0,0.0,0.0,0.0,2
20240409,0,5,505,0.0,0.0,,0.4999999999999965,0.0,0.0,0.0,0.0,2
20240409,0,6,808,0.0,0.0,,0.4999999999999965,0.0,0.0,0.0,0.0,2
20240409,0,7,1341,0.0,0.0,,0.4999999999999965,0.0,0.0,0.0,0.0,2
20240409,0,8,1623,0.0,0.0,,0.4999999999999965,0.0,0.0,0.0,0.0,2
20240409,0,9,1657,0.0,0.0,,0.4999999999999965,0.0,0.0,0.0,0.0,2
20240409,0,10,1335,0.0,0.0,,0.4999999999999965,0.0,0.0,0.0,0.0,2
20240409,0,11,1119,0.0,0.0,,0.4999999999999965,0.0,0.0,0.0,0.0,2
20240409,0,12,1065,0.0,0.0,,0.4999999999999965,0.0,0.0,0.0,0.0,2
20240409,0,13,1081,0.0,0.0,,0.4999999999999965,0.0,0.0,0.0,0.0,2
20240409,0,14,1006,0.0,0.0,,0.4999999999999965,0.0,0.0,0.0,0.0,2
20240409,0,15,1023,0.0,0.0,,0.4999999999999965,0.0,0.0,0.0,0.0,2
20240409,0,16,1067,0.0,0.0,,0.4999999999999965,0.0,0.0,0.0,0.0,2
20240409,0,17,964,0.0,0.0,,0.4999999999999965,0.0,0.0,0.0,0.0,2
20240409,0,18,782,0.0,0.0,,0.4999999999999965,0.0,0.0,0.0,0.0,2
20240409,0,19,656,0.0,0.0,,0.4999999999999965,0.0,0.0,0.0,0.0,2
20240409,0,20,510,0.0,0.0,,0.4999999999999965,0.0,0.0,0.0,0.0,2
20240409,0,21,422,0.0,0.0,,0.4999999999999965,0.0,0.0,0.0,0.0,2
20240409,0,22,314,0.0,0.0,,0.4999999999999965,0.0,0.0,0.0,0.0,2
20240423,0,5,529,,,,,0.0,0.0,0.0,0.0,2
20240423,0,6,724,,,,,0.0,0.0,0.0,0.0,2
20240423,0,7,1150,,,,,0.0,0.0,0.0,0.0,2
20240423,0,8,1352,,,,,0.0,0.0,0.0,0.0,2
20240423,0,9,1451,,,,,0.0,0.0,0.0,0.0,2
20240423,0,10,1160,,,,,0.0,0.0,0.0,0.0,2
20240423,0,11,1227,,,,,0.0,0.0,0.0,0.0,2
20240423,0,12,1069,,,,,0.0,0.0,0.0,0.0,2
20240423,0,13,1052,,,,,0.0,0.0,0.0,0.0,2
20240423,0,14,1005,,,,,0.0,0.0,0.0,0.0,2
20240423,0,15,1009,,,,,0.0,0.0,0.0,0.0,2
20240423,0,16,1050,,,,,0.0,0.0,0.0,0.0,2
20240423,0,17,849,,,,,0.0,0.0,0.0,0.0,2
20240423,0,18,792,,,,,0.0,0.0,0.0,0.0,2
20240423,0,20,472,,,,,0.0,0.0,0.0,0.0,2
20240423,0,21,353,,,,,0.0,0.0,0.0,0.0,2
20240423,0,22,248,,,,,0.0,0.0,0.0,0.0,2
20240514,0,5,548,0.0,0.0,,0.0,0.0,0.0,0.0,0.0,2
20240514,0,7,1136,0.0,0.0,,0.0,0.0,0.0,0.0,0.0,2
20240514,0,8,1307,0.0,0.0,,0.0,0.0,0.0,0.0,0.0,2
20240514,0,10,1467,0.0,0.0,,0.0,0.0,0.0,0.0,0.0,2
20240514,0,11,1349,0.0,0.0,,0.0,0.0,0.0,0.0,0.0,2
20240514,0,13,1178,0.0,0.0,,0.0,0.0,0.0,0.0,0.0,2
20240514,0,14,1223,0.0,0.0,,0.0,0.0,0.0,0.0,0.0,2
20240514,0,15,1024,0.0,0.0,,0.0,0.0,0.0,0.0,0.0,2
20240514,0,16,1240,0.0,0.0,,0.0,0.0,0.0,0.0,0.0,2
20240514,0,17,1026,0.0,0.0,,0.0,0.0,0.0,0.0,0.0,2
20240514,0,18,837,0.0,0.0,,0.0,0.0,0.0,0.0,0.0,2
20240514,0,19,664,0.0,0.0,,0.0,0.0,0.0,0.0,0.0,2
20240514,0,20,606,0.0,0.0,,0.0,0.0,0.0,0.0,0.0,2
20240514,0,21,449,0.0,0.0,,0.0,0.0,0.0,0.0,0.0,2
20240514,0,22,251,0.0,0.0,,0.0,0.0,0.0,0.0,0.0,2
20240521,0,5,561,,,,,0.0,0.0,0.0,0.0,2
20240521,0,6,814,,,,,0.0,0.0,0.0,0.0,2
20240521,0,7,1026,,,,,0.0,0.0,0.0,0.0,2
20240521,0,8,1151,,,,,0.0,0.0,0.0,0.0,2
20240521,0,9,1396,,,,,0.0,0.0,0.0,0.0,2
20240521,0,10,1365,,,,,0.0,0.0,0.0,0.0,2
20240521,0,11,1340,,,,,0.0,0.0,0.0,0.0,2
20240521,0,12,1192,,,,,0.0,0.0,0.0,0.0,2
20240521,0,13,1039,,,,,0.0,0.0,0.0,0.0,2
20240521,0,15,1100,,,,,0.0,0.0,0.0,0.0,2
20240521,0,16,1110,,,,,0.0,0.0,0.0,0.0,2
20240521,0,17,934,,,,,0.0,0.0,0.0,0.0,2
20240521,0,18,780,,,,,0.0,0.0,0.0,0.0,2
20240521,0,19,581,,,,,0.0,0.0,0.0,0.0,2
20240521,0,20,490,,,,,0.0,0.0,0.0,0.0,2
20240521,0,21,361,,,,,0.0,0.0,0.0,0.0,2
20240521,0,22,316,,,,,0.0,0.0,0.0,0.0,2
20240604,0,5,581,,,,,0.0,0.0,0.0,0.0,2
20240604,0,6,884,,,,,0.0,0.0,0.0,0.0,2
20240604,0,8,1219,,,,,0.0,0.0,0.0,0.0,2
20240604,0,9,1652,,,,,0.0,0.0,0.0,0.0,2
20240604,0,10,1536,,,,,0.0,0.0,0.0,0.0,2
20240604,0,11,1461,,,,,0.0,0.0,0.0,0.0,2
20240604,0,12,1004,,,,,0.0,0.0,0.0,0.0,2
20240604,0,13,1643,,,,,0.0,0.0,0.0,0.0,2
20240604,0,14,1219,,,,,0.0,0.0,0.0,0.0,2
20240604,0,16,1237,,,,,0.0,0.0,0.0,0.0,2
20240604,0,17,1052,,,,,0.0,0.0,0.0,0.0,2
20240604,0,18,916,,,,,0.0,0.0,0.0,0.0,2
20240604,0,19,697,,,,,0.0,0.0,0.0,0.0,2
20240604,0,20,541,,,,,0.0,0.0,0.0,0.0,2
20240604,0,21,420,,,,,0.0,0.0,0.0,0.0,2
20240604,0,22,327,,,,,0.0,0.0,0.0,0.0,2
20240611,0,5,620,0.0,0.0,,0.0,0.0,0.0,0.0,0.0,2
20240611,0,6,963,0.0,0.0,,0.0,0.0,0.0,0.0,0.0,2
20240611,0,7,1157,0.0,0.0,,0.0,0.0,0.0,0.0,0.0,2
20240611,0,8,1320,0.0,0.0,,0.0,0.0,0.0,0.0,0.0,2
20240611,0,9,1539,0.0,0.0,,0.0,0.0,0.0,0.0,0.0,2
20240611,0,10,1672,0.0,0.0,,0.0,0.0,0.0,0.0,0.0,2
20240611,0,11,1649,0.0,0.0,,0.0,0.0,0.0,0.0,0.0,2
20240611,0,12,1433,0.0,0.0,,0.0,0.0,0.0,0.0,0.0,2
20240611,0,13,1374,0.0,0.0,,0.0,0.0,0.0,0.0,0.0,2
20240611,0,14,1410,0.0,0.0,,0.0,0.0,0.0,0.0,0.0,2
20240611,0,16,1324,0.0,0.0,,0.0,0.0,0.0,0.0,0.0,2
20240611,0,17,1213,0.0,0.0,,0.0,0.0,0.0,0.0,0.0,2
20240611,0,18,1032,0.0,0.0,,0.0,0.0,0.0,0.0,0.0,2
20240611,0,20,605,0.0,0.0,,0.0,0.0,0.0,0.0,0.0,2
20240611,0,21,419,0.0,0.0,,0.0,0.0,0.0,0.0,0.0,2
20240611,0,22,337,0.0,0.0,,0.0,0.0,0.0,0.0,0.0,2
20240618,0,5,700,0.0,0.0,,0.0,0.0,0.0,0.0,0.0,2
20240618,0,6,1024,0.0,0.0,,0.0,0.0,0.0,0.0,0.0,2
20240618,0,7,1265,0.0,0.0,,0.0,0.0,0.0,0.0,0.0,2
20240618,0,9,1729,0.0,0.0,,0.0,0.0,0.0,0.0,0.0,2
20240618,0,10,1750,0.0,0.0,,0.0,0.0,0.0,0.0,0.0,2
20240618,0,11,1820,0.0,0.0,,0.0,0.0,0.0,0.0,0.0,2
20240618,0,13,1360,0.0,0.0,,0.0,0.0,0.0,0.0,0.0,2
20240618,0,14,2276,0.0,0.0,,0.0,0.0,0.0,0.0,0.0,2
20240618,0,15,1469,0.0,0.0,,0.0,0.0,0.0,0.0,0.0,2
20240618,0,16,1500,0.0,0.0,,0.0,0.0,0.0,0.0,0.0,2
20240618,0,17,1390,0.0,0.0,,0.0,0.0,0.0,0.0,0.0,2
20240618,0,18,1111,0.0,0.0,,0.0,0.0,0.0,0.0,0.0,2
20240618,0,19,925,0.0,0.0,,0.0,0.0,0.0,0.0,0.0,2
20240618,0,20,646,0.0,0.0,,0.0,0.0,0.0,0.0,0.0,2
20240618,0,21,503,0.0,0.0,,0.0,0.0,0.0,0.0,0.0,2
20240618,0,22,382,0.0,0.0,,0.0,0.0,0.0,0.0,0.0,2
20240625,0,5,678,0.0,0.0,,0.0,0.0,0.0,0.0,0.0,2
20240625,0,6,991,0.0,0.0,,0.0,0.0,0.0,0.0,0.0,2
20240625,0,7,1253,0.0,0.0,,0.0,0.0,0.0,0.0,0.0,2
20240625,0,8,1505,0.0,0.0,,0.0,0.0,0.0,0.0,0.0,2
20240625,0,9,1850,0.0,0.0,,0.0,0.0,0.0,0.0,0.0,2
20240625,0,10,1806,0.0,0.0,,0.0,0.0,0.0,0.0,0.0,2
20240625,0,11,2055,0.0,0.0,,0.0,0.0,0.0,0.0,0.0,2
20240625,0,12,1783,0.0,0.0,,0.0,0.0,0.0,0.0,0.0,2
20240625,0,13,1676,0.0,0.0,,0.0,0.0,0.0,0.0,0.0,2
20240625,0,14,1554,0.0,0.0,,0.0,0.0,0.0,0.0,0.0,2
20240625,0,16,1203,0.0,0.0,,0.0,0.0,0.0,0.0,0.0,2
20240625,0,17,1314,0.0,0.0,,0.0,0.0,0.0,0.0,0.0,2
20240625,0,18,919,0.0,0.0,,0.0,0.0,0.0,0.0,0.0,2
20240625,0,19,794,0.0,0.0,,0.0,0.0,0.0,0.0,0.0,2
20240625,0,20,639,0.0,0.0,,0.0,0.0,0.0,0.0,0.0,2
20240625,0,21,438,0.0,0.0,,0.0,0.0,0.0,0.0,0.0,2
20240625,0,22,357,0.0,0.0,,0.0,0.0,0.0,0.0,0.0,2
20240702,0,5,719,,,,,0.0,0.0,0.0,0.0,2
20240702,0,6,1085,,,,,0.0,0.0,0.0,0.0,2
20240702,0,7,1319,,,,,0.0,0.0,0.0,0.0,2
20240702,0,8,1627,,,,,0.0,0.0,0.0,0.0,2
20240702,0,9,1963,,,,,0.0,0.0,0.0,0.0,2
20240702,0,10,2333,,,,,0.0,0.0,0.0,0.0,2
20240702,0,11,2286,,,,,0.0,0.0,0.0,0.0,2
20240702,0,12,2258,,,,,0.0,0.0,0.0,0.0,2
20240702,0,13,2341,,,,,0.0,0.0,0.0,0.0,2
20240702,0,15,2163,,,,,0.0,0.0,0.0,0.0,2
20240702,0,16,2057,,,,,0.0,0.0,0.0,0.0,2
20240702,0,17,1805,,,,,0.0,0.0,0.0,0.0,2
20240702,0,18,1595,,,,,0.0,0.0,0.0,0.0,2
20240702,0,19,1334,,,,,0.0,0.0,0.0,0.0,2
20240702,0,20,1033,,,,,0.0,0.0,0.0,0.0,2
20240702,0,21,638,,,,,0.0,0.0,0.0,0.0,2
20240702,0,22,453,,,,,0.0,0.0,0.0,0.0,2
20240709,0,5,695,0.0,0.0,,0.0,0.0,0.0,0.0,0.0,2
20240709,0,6,1069,0.0,0.0,,0.0,0.0,0.0,0.0,0.0,2
20240709,0,7,1275,0.0,0.0,,0.0,0.0,0.0,0.0,0.0,2
20240709,0,8,1484,0.0,0.0,,0.0,0.0,0.0,0.0,0.0,2
20240709,0,9,1795,0.0,0.0,,0.0,0.0,0.0,0.0,0.0,2
20240709,0,10,1864,0.0,0.0,,0.0,0.0,0.0,0.0,0.0,2
20240709,0,11,1772,0.0,0.0,,0.0,0.0,0.0,0.0,0.0,2
20240709,0,12,1665,0.0,0.0,,0.0,0.0,0.0,0.0,0.0,2
20240709,0,14,1597,0.0,0.0,,0.0,0.0,0.0,0.0,0.0,2
20240709,0,15,1601,0.0,0.0,,0.0,0.0,0.0,0.0,0.0,2
20240709,0,16,1444,0.0,0.0,,0.0,0.0,0.0,0.0,0.0,2
20240709,0,17,1213,0.0,0.0,,0.0,0.0,0.0,0.0,0.0,2
20240709,0,18,1022,0.0,0.0,,0.0,0.0,0.0,0.0,0.0,2
20240709,0,19,818,0.0,0.0,,0.0,0.0,0.0,0.0,0.0,2
20240709,0,20,643,0.0,0.0,,0.0,0.0,0.0,0.0,0.0,2
20240709,0,21,427,0.0,0.0,,0.0,0.0,0.0,0.0,0.0,2
20240709,0,22,309,0.0,0.0,,0.0,0.0,0.0,0.0,0.0,2
20240716,0,5,650,,,,,0.0,0.0,0.0,0.0,2
20240716,0,6,1060,,,,,0.0,0.0,0.0,0.0,2
20240716,0,7,1281,,,,,0.0,0.0,0.0,0.0,2
20240716,0,8,1482,,,,,0.0,0.0,0.0,0.0,2
20240716,0,9,1770,,,,,0.0,0.0,0.0,0.0,2
20240716,0,10,1958,,,,,0.0,0.0,0.0,0.0,2
20240716,0,11,1779,,,,,0.0,0.0,0.0,0.0,2
20240716,0,12,1760,,,,,0.0,0.0,0.0,0.0,2
20240716,0,13,1584,,,,,0.0,0.0,0.0,0.0,2
20240716,0,14,1580,,,,,0.0,0.0,0.0,0.0,2
20240716,0,15,1442,,,,,0.0,0.0,0.0,0.0,2
20240716,0,16,1474,,,,,0.0,0.0,0.0,0.0,2
20240716,0,17,1233,,,,,0.0,0.0,0.0,0.0,2
20240716,0,18,1015,,,,,0.0,0.0,0.0,0.0,2
20240716,0,19,765,,,,,0.0,0.0,0.0,0.0,2
20240716,0,20,674,,,,,0.0,0.0,0.0,0.0,2
20240716,0,21,478,,,,,0.0,0.0,0.0,0.0,2
20240716,0,22,423,,,,,0.0,0.0,0.0,0.0,2
20240723,0,5,753,,,,,0.0,0.0,0.0,0.0,2
20240723,0,6,1135,,,,,0.0,0.0,0.0,0.0,2
20240723,0,7,1426,,,,,0.0,0.0,0.0,0.0,2
20240723,0,8,1655,,,,,0.0,0.0,0.0,0.0,2
20240723,0,9,2039,,,,,0.0,0.0,0.0,0.0,2
20240723,0,10,2098,,,,,0.0,0.0,0.0,0.0,2
20240723,0,11,2078,,,,,0.0,0.0,0.0,0.0,2
20240723,0,12,1945,,,,,0.0,0.0,0.0,0.0,2
20240723,0,13,1984,,,,,0.0,0.0,0.0,0.0,2
20240723,0,14,1939,,,,,0.0,0.0,0.0,0.0,2
20240723,0,15,1803,,,,,0.0,0.0,0.0,0.0,2
20240723,0,16,1632,,,,,0.0,0.0,0.0,0.0,2
20240723,0,17,1445,,,,,0.0,0.0,0.0,0.0,2
20240723,0,18,1183,,,,,0.0,0.0,0.0,0.0,2
20240723,0,19,884,,,,,0.0,0.0,0.0,0.0,2
20240723,0,20,715,,,,,0.0,0.0,0.0,0.0,2
20240723,0,21,500,,,,,0.0,0.0,0.0,0.0,2
20240723,0,22,408,,,,,0.0,0.0,0.0,0.0,2
20240730,0,5,708,0.0,0.0,,0.0,0.0,0.0,0.0,0.0,2
20240730,0,6,1094,0.0,0.0,,0.0,0.0,0.0,0.0,0.0,2
20240730,0,7,1382,0.0,0.0,,0.0,0.0,0.0,0.0,0.0,2
20240730,0,8,1671,0.0,0.0,,0.0,0.0,0.0,0.0,0.0,2
20240730,0,9,1930,0.0,0.0,,0.0,0.0,0.0,0.0,0.0,2
20240730,0,10,2070,0.0,0.0,,0.0,0.0,0.0,0.0,0.0,2
20240730,0,11,2057,0.0,0.0,,0.0,0.0,0.0,0.0,0.0,2
20240730,0,12,1759,0.0,0.0,,0.0,0.0,0.0,0.0,0.0,2
20240730,0,13,1763,0.0,0.0,,0.0,0.0,0.0,0.0,0.0,2
20240730,0,14,1614,0.0,0.0,,0.0,0.0,0.0,0.0,0.0,2
20240730,0,15,1561,0.0,0.0,,0.0,0.0,0.0,0.0,0.0,2
20240730,0,16,1508,0.0,0.0,,0.0,0.0,0.0,0.0,0.0,2
20240730,0,17,1223,0.0,0.0,,0.0,0.0,0.0,0.0,0.0,2
20240730,0,18,1135,0.0,0.0,,0.0,0.0,0.0,0.0,0.0,2
20240730,0,19,902,0.0,0.0,,0.0,0.0,0.0,0.0,0.0,2
20240730,0,20,640,0.0,0.0,,0.0,0.0,0.0,0.0,0.0,2
20240730,0,21,514,0.0,0.0,,0.0,0.0,0.0,0.0,0.0,2
20240730,0,22,366,0.0,0.0,,0.0,0.0,0.0,0.0,0.0,2
20240806,0,5,744,,,,,0.0,0.0,0.0,0.0,2
20240806,0,6,1062,,,,,0.0,0.0,0.0,0.0,2
20240806,0,7,1385,,,,,0.0,0.0,0.0,0.0,2
20240806,0,8,1652,,,,,0.0,0.0,0.0,0.0,2
20240806,0,9,1912,,,,,0.0,0.0,0.0,0.0,2
20240806,0,10,1990,,,,,0.0,0.0,0.0,0.0,2
20240806,0,11,1960,,,,,0.0,0.0,0.0,0.0,2
20240806,0,12,1733,,,,,0.0,0.0,0.0,0.0,2
20240806,0,13,1672,,,,,0.0,0.0,0.0,0.0,2
20240806,0,14,1609,,,,,0.0,0.0,0.0,0.0,2
20240806,0,15,1562,,,,,0.0,0.0,0.0,0.0,2
20240806,0,17,1173,,,,,0.0,0.0,0.0,0.0,2
20240806,0,19,890,,,,,0.0,0.0,0.0,0.0,2
20240806,0,20,656,,,,,0.0,0.0,0.0,0.0,2
20240806,0,21,565,,,,,0.0,0.0,0.0,0.0,2
20240806,0,22,436,,,,,0.0,0.0,0.0,0.0,2
20240813,0,5,668,0.0,0.0,,0.0,0.0,0.0,0.0,0.0,2
20240813,0,6,1069,0.0,0.0,,0.0,0.0,0.0,0.0,0.0,2
20240813,0,7,1354,0.0,0.0,,0.0,0.0,0.0,0.0,0.0,2
20240813,0,8,1449,0.0,0.0,,0.0,0.0,0.0,0.0,0.0,2
20240813,0,9,1700,0.0,0.0,,0.0,0.0,0.0,0.0,0.0,2
20240813,0,10,1776,0.0,0.0,,0.0,0.0,0.0,0.0,0.0,2
20240813,0,11,1711,0.0,0.0,,0.0,0.0,0.0,0.0,0.0,2
20240813,0,12,1522,0.0,0.0,,0.0,0.0,0.0,0.0,0.0,2
20240813,0,13,1548,0.0,0.0,,0.0,0.0,0.0,0.0,0.0,2
20240813,0,14,1595,0.0,0.0,,0.0,0.0,0.0,0.0,0.0,2
20240813,0,15,1385,0.0,0.0,,0.0,0.0,0.0,0.0,0.0,2
20240813,0,16,1243,0.0,0.0,,0.0,0.0,0.0,0.0,0.0,2
20240813,0,17,1251,0.0,0.0,,0.0,0.0,0.0,0.0,0.0,2
20240813,0,18,995,0.0,0.0,,0.0,0.0,0.0,0.0,0.0,2
20240813,0,19,755,0.0,0.0,,0.0,0.0,0.0,0.0,0.0,2
20240813,0,20,572,0.0,0.0,,0.0,0.0,0.0,0.0,0.0,2
20240813,0,21,443,0.0,0.0,,0.0,0.0,0.0,0.0,0.0,2
20240813,0,22,385,0.0,0.0,,0.0,0.0,0.0,0.0,0.0,2
20240820,0,5,729,0.0,0.0,,0.0,0.0,0.0,0.0,0.0,2
20240820,0,6,1102,0.0,0.0,,0.0,0.0,0.0,0.0,0.0,2
20240820,0,7,1161,0.0,0.0,,0.0,0.0,0.0,0.0,0.0,2
20240820,0,8,1324,0.0,0.0,,0.0,0.0,0.0,0.0,0.0,2
20240820,0,9,2062,0.0,0.0,,0.0,0.0,0.0,0.0,0.0,2
20240820,0,11,1812,0.0,0.0,,0.0,0.0,0.0,0.0,0.0,2
20240820,0,12,1566,0.0,0.0,,0.0,0.0,0.0,0.0,0.0,2
20240820,0,13,1621,0.0,0.0,,0.0,0.0,0.0,0.0,0.0,2
20240820,0,14,1437,0.0,0.0,,0.0,0.0,0.0,0.0,0.0,2
20240820,0,15,1337,0.0,0.0,,0.0,0.0,0.0,0.0,0.0,2
20240820,0,16,1388,0.0,0.0,,0.0,0.0,0.0,0.0,0.0,2
20240820,0,17,1107,0.0,0.0,,0.0,0.0,0.0,0.0,0.0,2
20240820,0,18,1025,0.0,0.0,,0.0,0.0,0.0,0.0,0.0,2
20240820,0,19,693,0.0,0.0,,0.0,0.0,0.0,0.0,0.0,2
20240820,0,20,616,0.0,0.0,,0.0,0.0,0.0,0.0,0.0,2
20240820,0,21,467,0.0,0.0,,0.0,0.0,0.0,0.0,0.0,2
20240820,0,22,311,0.0,0.0,,0.0,0.0,0.0,0.0,0.0,2
20240827,0,5,693,0.0,0.0,,0.0,0.0,0.0,0.0,0.0,2
20240827,0,6,1164,0.0,0.0,,0.0,0.0,0.0,0.0,0.0,2
20240827,0,7,1332,0.0,0.0,,0.0,0.0,0.0,0.0,0.0,2
20240827,0,8,1520,0.0,0.0,,0.0,0.0,0.0,0.0,0.0,2
20240827,0,9,1805,0.0,0.0,,0.0,0.0,0.0,0.0,0.0,2
20240827,0,10,1759,0.0,0.0,,0.0,0.0,0.0,0.0,0.0,2
20240827,0,11,1678,0.0,0.0,,0.0,0.0,0.0,0.0,0.0,2
20240827,0,12,1513,0.0,0.0,,0.0,0.0,0.0,0.0,0.0,2
20240827,0,13,1488,0.0,0.0,,0.0,0.0,0.0,0.0,0.0,2
20240827,0,15,1280,0.0,0.0,,0.0,0.0,0.0,0.0,0.0,2
20240827,0,16,1297,0.0,0.0,,0.0,0.0,0.0,0.0,0.0,2
20240827,0,17,1151,0.0,0.0,,0.0,0.0,0.0,0.0,0.0,2
20240827,0,18,921,0.0,0.0,,0.0,0.0,0.0,0.0,0.0,2
20240827,0,19,726,0.0,0.0,,0.0,0.0,0.0,0.0,0.0,2
20240827,0,20,574,0.0,0.0,,0.0,0.0,0.0,0.0,0.0,2
20240827,0,21,430,0.0,0.0,,0.0,0.0,0.0,0.0,0.0,2
20240827,0,22,307,0.0,0.0,,0.0,0.0,0.0,0.0,0.0,2
20240903,0,5,873,0.0,0.0,,0.0,0.0,0.0,0.0,0.0,2
20240903,0,6,1178,0.0,0.0,,0.0,0.0,0.0,0.0,0.0,2
20240903,0,7,1337,0.0,0.0,,0.0,0.0,0.0,0.0,0.0,2
20240903,0,8,1508,0.0,0.0,,0.0,0.0,0.0,0.0,0.0,2
20240903,0,9,1901,0.0,0.0,,0.0,0.0,0.0,0.0,0.0,2
20240903,0,10,1789,0.0,0.0,,0.0,0.0,0.0,0.0,0.0,2
20240903,0,11,1674,0.0,0.0,,0.0,0.0,0.0,0.0,0.0,2
20240903,0,12,1606,0.0,0.0,,0.0,0.0,0.0,0.0,0.0,2
20240903,0,13,1439,0.0,0.0,,0.0,0.0,0.0,0.0,0.0,2
20240903,0,14,1433,0.0,0.0,,0.0,0.0,0.0,0.0,0.0,2
20240903,0,15,1364,0.0,0.0,,0.0,0.0,0.0,0.0,0.0,2
20240903,0,16,1283,0.0,0.0,,0.0,0.0,0.0,0.0,0.0,2
20240903,0,17,1052,0.0,0.0,,0.0,0.0,0.0,0.0,0.0,2
20240903,0,18,873,0.0,0.0,,0.0,0.0,0.0,0.0,0.0,2
20240903,0,19,738,0.0,0.0,,0.0,0.0,0.0,0.0,0.0,2
20240903,0,20,538,0.0,0.0,,0.0,0.0,0.0,0.0,0.0,2
20240903,0,21,421,0.0,0.0,,0.0,0.0,0.0,0.0,0.0,2
20240903,0,22,254,0.0,0.0,,0.0,0.0,0.0,0.0,0.0,2
20240910,0,5,710,0.0,0.0,,0.0,0.0,0.0,0.0,0.0,2
20240910,0,6,1130,0.0,0.0,,0.0,0.0,0.0,0.0,0.0,2
20240910,0,7,1250,0.0,0.0,,0.0,0.0,0.0,0.0,0.0,2
20240910,0,8,1509,0.0,0.0,,0.0,0.0,0.0,0.0,0.0,2
20240910,0,9,1851,0.0,0.0,,0.0,0.0,0.0,0.0,0.0,2
20240910,0,10,1665,0.0,0.0,,0.0,0.0,0.0,0.0,0.0,2
20240910,0,11,1656,0.0,0.0,,0.0,0.0,0.0,0.0,0.0,2
20240910,0,12,1588,0.0,0.0,,0.0,0.0,0.0,0.0,0.0,2
20240910,0,13,1476,0.0,0.0,,0.0,0.0,0.0,0.0,0.0,2
20240910,0,14,1502,0.0,0.0,,0.0,0.0,0.0,0.0,0.0,2
20240910,0,15,1270,0.0,0.0,,0.0,0.0,0.0,0.0,0.0,2
20240910,0,16,1223,0.0,0.0,,0.0,0.0,0.0,0.0,0.0,2
20240910,0,17,1010,0.0,0.0,,0.0,0.0,0.0,0.0,0.0,2
20240910,0,19,702,0.0,0.0,,0.0,0.0,0.0,0.0,0.0,2
20240910,0,20,551,0.0,0.0,,0.0,0.0,0.0,0.0,0.0,2
20240910,0,21,401,0.0,0.0,,0.0,0.0,0.0,0.0,0.0,2
20240910,0,22,245,0.0,0.0,,0.0,0.0,0.0,0.0,0.0,2
20240917,0,5,644,0.0,0.0,,0.0,0.0,0.0,0.0,0.0,2
20240917,0,6,897,0.0,0.0,,0.0,0.0,0.0,0.0,0.0,2
20240917,0,7,1395,0.0,0.0,,0.0,0.0,0.0,0.0,0.0,2
20240917,0,8,1329,0.0,0.0,,0.0,0.0,0.0,0.0,0.0,2
20240917,0,9,1838,0.0,0.0,,0.0,0.0,0.0,0.0,0.0,2
20240917,0,10,1761,0.0,0.0,,0.0,0.0,0.0,0.0,0.0,2
20240917,0,11,1536,0.0,0.0,,0.0,0.0,0.0,0.0,0.0,2
20240917,0,12,1413,0.0,0.0,,0.0,0.0,0.0,0.0,0.0,2
20240917,0,13,1370,0.0,0.0,,0.0,0.0,0.0,0.0,0.0,2
20240917,0,14,1378,0.0,0.0,,0.0,0.0,0.0,0.0,0.0,2
20240917,0,15,1361,0.0,0.0,,0.0,0.0,0.0,0.0,0.0,2
20240917,0,16,1223,0.0,0.0,,0.0,0.0,0.0,0.0,0.0,2
20240917,0,17,1118,0.0,0.0,,0.0,0.0,0.0,0.0,0.0,2
20240917,0,18,844,0.0,0.0,,0.0,0.0,0.0,0.0,0.0,2
20240917,0,19,653,0.0,0.0,,0.0,0.0,0.0,0.0,0.0,2
20240917,0,20,567,0.0,0.0,,0.0,0.0,0.0,0.0,0.0,2
20240917,0,21,409,0.0,0.0,,0.0,0.0,0.0,0.0,0.0,2
20240917,0,22,278,0.0,0.0,,0.0,0.0,0.0,0.0,0.0,2
20240924,0,5,711,0.0,0.0,,0.0,0.0,0.0,0.0,0.0,2
20240924,0,6,1086,0.0,0.0,,0.0,0.0,0.0,0.0,0.0,2
20240924,0,7,1183,0.0,0.0,,0.0,0.0,0.0,0.0,0.0,2
20240924,0,9,1938,0.0,0.0,,0.0,0.0,0.0,0.0,0.0,2
20240924,0,10,1895,0.0,0.0,,0.0,0.0,0.0,0.0,0.0,2
20240924,0,11,1915,0.0,0.0,,0.0,0.0,0.0,0.0,0.0,2
20240924,0,14,1611,0.0,0.0,,0.0,0.0,0.0,0.0,0.0,2
20240924,0,15,1345,0.0,0.0,,0.0,0.0,0.0,0.0,0.0,2
20240924,0,16,1283,0.0,0.0,,0.0,0.0,0.0,0.0,0.0,2
20240924,0,17,1145,0.0,0.0,,0.0,0.0,0.0,0.0,0.0,2
20240924,0,18,898,0.0,0.0,,0.0,0.0,0.0,0.0,0.0,2
20240924,0,19,758,0.0,0.0,,0.0,0.0,0.0,0.0,0.0,2
20240924,0,20,597,0.0,0.0,,0.0,0.0,0.0,0.0,0.0,2
20240924,0,21,400,0.0,0.0,,0.0,0.0,0.0,0.0,0.0,2
20240924,0,22,301,0.0,0.0,,0.0,0.0,0.0,0.0,0.0,2
20241001,0,5,677,0.0,0.0,,0.0,0.0,0.0,0.0,0.0,2
20241001,0,6,975,0.0,0.0,,0.0,0.0,0.0,0.0,0.0,2
20241001,0,7,1280,0.0,0.0,,0.0,0.0,0.0,0.0,0.0,2
20241001,0,8,1427,0.0,0.0,,0.0,0.0,0.0,0.0,0.0,2
20241001,0,9,1828,0.0,0.0,,0.0,0.0,0.0,0.0,0.0,2
20241001,0,10,1907,0.0,0.0,,0.0,0.0,0.0,0.0,0.0,2
20241001,0,11,1502,0.0,0.0,,0.0,0.0,0.0,0.0,0.0,2
20241001,0,12,1261,0.0,0.0,,0.0,0.0,0.0,0.0,0.0,2
20241001,0,13,1300,0.0,0.0,,0.0,0.0,0.0,0.0,0.0,2
20241001,0,14,1842,0.0,0.0,,0.0,0.0,0.0,0.0,0.0,2
20241001,0,15,1231,0.0,0.0,,0.0,0.0,0.0,0.0,0.0,2
20241001,0,16,1291,0.0,0.0,,0.0,0.0,0.0,0.0,0.0,2
20241001,0,17,1064,0.0,0.0,,0.0,0.0,0.0,0.0,0.0,2
20241001,0,19,704,0.0,0.0,,0.0,0.0,0.0,0.0,0.0,2
20241001,0,20,539,0.0,0.0,,0.0,0.0,0.0,0.0,0.0,2
20241001,0,21,400,0.0,0.0,,0.0,0.0,0.0,0.0,0.0,2
20241001,0,22,269,0.0,0.0,,0.0,0.0,0.0,0.0,0.0,2
20241008,0,5,669,0.0,0.0,,0.0,0.0,0.0,0.0,0.0,2
20241008,0,6,893,0.0,0.0,,0.0,0.0,0.0,0.0,0.0,2
20241008,0,7,1217,0.0,0.0,,0.0,0.0,0.0,0.0,0.0,2
20241008,0,9,1321,0.0,0.0,,0.0,0.0,0.0,0.0,0.0,2
20241008,0,10,1613,0.0,0.0,,0.0,0.0,0.0,0.0,0.0,2
20241008,0,11,1461,0.0,0.0,,0.0,0.0,0.0,0.0,0.0,2
20241008,0,12,1142,0.0,0.0,,0.0,0.0,0.0,0.0,0.0,2
20241008,0,13,1262,0.0,0.0,,0.0,0.0,0.0,0.0,0.0,2
20241008,0,14,1140,0.0,0.0,,0.0,0.0,0.0,0.0,0.0,2
20241008,0,15,1135,0.0,0.0,,0.0,0.0,0.0,0.0,0.0,2
20241008,0,17,1043,0.0,0.0,,0.0,0.0,0.0,0.0,0.0,2
20241008,0,18,837,0.0,0.0,,0.0,0.0,0.0,0.0,0.0,2
20241008,0,19,700,0.0,0.0,,0.0,0.0,0.0,0.0,0.0,2
20241008,0,20,497,0.0,0.0,,0.0,0.0,0.0,0.0,0.0,2
20241008,0,21,396,0.0,0.0,,0.0,0.0,0.0,0.0,0.0,2
20241008,0,22,241,0.0,0.0,,0.0,0.0,0.0,0.0,0.0,2
20241015,0,5,618,0.0,0.0,,0.0,0.0,0.0,0.0,0.0,2
20241015,0,6,952,0.0,0.0,,0.0,0.0,0.0,0.0,0.0,2
20241015,0,7,1177,0.0,0.0,,0.0,0.0,0.0,0.0,0.0,2
20241015,0,8,1368,0.0,0.0,,0.0,0.0,0.0,0.0,0.0,2
20241015,0,9,1404,0.0,0.0,,0.0,0.0,0.0,0.0,0.0,2
20241015,0,10,1176,0.0,0.0,,0.0,0.0,0.0,0.0,0.0,2
20241015,0,11,1603,0.0,0.0,,0.0,0.0,0.0,0.0,0.0,2
20241015,0,12,1609,0.0,0.0,,0.0,0.0,0.0,0.0,0.0,2
20241015,0,13,1259,0.0,0.0,,0.0,0.0,0.0,0.0,0.0,2
20241015,0,14,1168,0.0,0.0,,0.0,0.0,0.0,0.0,0.0,2
20241015,0,15,1211,0.0,0.0,,0.0,0.0,0.0,0.0,0.0,2
20241015,0,16,1246,0.0,0.0,,0.0,0.0,0.0,0.0,0.0,2
20241015,0,17,1033,0.0,0.0,,0.0,0.0,0.0,0.0,0.0,2
20241015,0,19,602,0.0,0.0,,0.0,0.0,0.0,0.0,0.0,2
20241015,0,20,568,0.0,0.0,,0.0,0.0,0.0,0.0,0.0,2
20241015,0,21,365,0.0,0.0,,0.0,0.0,0.0,0.0,0.0,2
20241015,0,22,290,0.0,0.0,,0.0,0.0,0.0,0.0,0.0,2
20241029,0,5,468,0.0,0.0,0.0,0.0,0.0,0.0,0.0,0.0,2
20241029,0,6,745,0.0,0.0,0.0,0.0,0.0,0.0,0.0,0.0,2
20241029,0,8,1198,0.0,0.0,0.0,0.0,0.0,0.0,0.0,0.0,2
20241029,0,9,1196,0.0,0.0,0.0,0.0,0.0,0.0,0.0,0.0,2
20241029,0,10,1138,0.0,0.0,0.0,0.0,0.0,0.0,0.0,0.0,2
20241029,0,11,1036,0.0,0.0,0.0,0.0,0.0,0.0,0.0,0.0,2
20241029,0,12,881,0.0,0.0,0.0,0.0,0.0,0.0,0.0,0.0,2
20241029,0,13,1052,0.0,0.0,0.0,0.0,0.0,0.0,0.0,0.0,2
20241029,0,14,896,0.0,0.0,0.0,0.0,0.0,0.0,0.0,0.0,2
20241029,0,15,977,0.0,0.0,0.0,0.0,0.0,0.0,0.0,0.0,2
20241029,0,16,945,0.0,0.0,0.0,0.0,0.0,0.0,0.0,0.0,2
20241029,0,17,789,0.0,0.0,0.0,0.0,0.0,0.0,0.0,0.0,2
20241029,0,18,688,0.0,0.0,0.0,0.0,0.0,0.0,0.0,0.0,2
20241029,0,19,491,0.0,0.0,0.0,0.0,0.0,0.0,0.0,0.0,2
20241029,0,20,460,0.0,0.0,0.0,0.0,0.0,0.0,0.0,0.0,2
20241029,0,21,271,0.0,0.0,0.0,0.0,0.0,0.0,0.0,0.0,2
20241029,0,22,225,0.0,0.0,0.0,0.0,0.0,0.0,0.0,0.0,2
20241104,0,6,729,0.09,1.0,,0.9999999999999964,0.0,0.0,0.0,0.0,1
20241104,0,7,1029,0.09,1.0,,0.9999999999999964,0.0,0.0,0.0,0.0,1
20241104,0,9,1183,0.09,1.0,,0.9999999999999964,0.0,0.0,0.0,0.0,1
20241104,0,10,1156,0.09,1.0,,0.9999999999999964,0.0,0.0,0.0,0.0,1
20241104,0,11,1066,0.09,1.0,,0.9999999999999964,0.0,0.0,0.0,0.0,1
20241104,0,12,979,0.09,1.0,,0.9999999999999964,0.0,0.0,0.0,0.0,1
20241104,0,13,1007,0.09,1.0,,0.9999999999999964,0.0,0.0,0.0,0.0,1
20241104,0,14,995,0.09,1.0,,0.9999999999999964,0.0,0.0,0.0,0.0,1
20241104,0,15,844,0.09,1.0,,0.9999999999999964,0.0,0.0,0.0,0.0,1
20241104,0,16,853,0.09,1.0,,0.9999999999999964,0.0,0.0,0.0,0.0,1
20241104,0,18,545,0.09,1.0,,0.9999999999999964,0.0,0.0,0.0,0.0,1
20241104,0,19,404,0.09,1.0,,0.9999999999999964,0.0,0.0,0.0,0.0,1
20241104,0,20,305,0.09,1.0,,0.9999999999999964,0.0,0.0,0.0,0.0,1
20241104,0,21,253,0.09,1.0,,0.9999999999999964,0.0,0.0,0.0,0.0,1
20241104,0,22,171,0.09,1.0,,0.9999999999999964,0.0,0.0,0.0,0.0,1
20241104,0,23,158,0.09,1.0,,0.9999999999999964,0.0,0.0,0.0,0.0,1
20241105,0,6,786,0.0,0.1,,1.0999999999999963,0.0,0.0,0.0,0.0,2
20241105,0,7,1117,0.0,0.1,,1.0999999999999963,0.0,0.0,0.0,0.0,2
20241105,0,8,1301,0.0,0.1,,1.0999999999999963,0.0,0.0,0.0,0.0,2
20241105,0,9,1087,0.0,0.1,,1.0999999999999963,0.0,0.0,0.0,0.0,2
20241105,0,10,1236,0.0,0.1,,1.0999999999999963,0.0,0.0,0.0,0.0,2
20241105,0,11,1114,0.0,0.1,,1.0999999999999963,0.0,0.0,0.0,0.0,2
20241105,0,12,998,0.0,0.1,,1.0999999999999963,0.0,0.0,0.0,0.0,2
20241105,0,13,966,0.0,0.1,,1.0999999999999963,0.0,0.0,0.0,0.0,2
20241105,0,14,959,0.0,0.1,,1.0999999999999963,0.0,0.0,0.0,0.0,2
20241105,0,15,914,0.0,0.1,,1.0999999999999963,0.0,0.0,0.0,0.0,2
20241105,0,16,913,0.0,0.1,,1.0999999999999963,0.0,0.0,0.0,0.0,2
20241105,0,17,642,0.0,0.1,,1.0999999999999963,0.0,0.0,0.0,0.0,2
20241105,0,18,442,0.0,0.1,,1.0999999999999963,0.0,0.0,0.0,0.0,2
20241105,0,19,322,0.0,0.1,,1.0999999999999963,0.0,0.0,0.0,0.0,2
20241105,0,20,255,0.0,0.1,,1.0999999999999963,0.0,0.0,0.0,0.0,2
20241105,0,21,184,0.0,0.1,,1.0999999999999963,0.0,0.0,0.0,0.0,2
20241105,0,22,135,0.0,0.1,,1.0999999999999963,0.0,0.0,0.0,0.0,2
20241105,0,23,91,0.0,0.1,,1.0999999999999963,0.0,0.0,0.0,0.0,2
20241106,0,12,909,0.07,0.7,,1.7999999999999965,0.0,0.0,0.0,0.0,3
20241106,0,14,746,0.07,0.7,,1.7999999999999965,0.0,0.0,0.0,0.0,3
20241106,0,15,773,0.07,0.7,,1.7999999999999965,0.0,0.0,0.0,0.0,3
20241106,0,16,629,0.07,0.7,,1.7999999999999965,0.0,0.0,0.0,0.0,3
20241106,0,17,511,0.07,0.7,,1.7999999999999965,0.0,0.0,0.0,0.0,3
20241106,0,18,324,0.07,0.7,,1.7999999999999965,0.0,0.0,0.0,0.0,3
20241106,0,19,294,0.07,0.7,,1.7999999999999965,0.0,0.0,0.0,0.0,3
20241106,0,20,276,0.07,0.7,,1.7999999999999965,0.0,0.0,0.0,0.0,3
20241106,0,21,216,0.07,0.7,,1.7999999999999965,0.0,0.0,0.0,0.0,3
20241106,0,22,220,0.07,0.7,,1.7999999999999965,0.0,0.0,0.0,0.0,3
20241106,0,23,134,0.07,0.7,,1.7999999999999965,0.0,0.0,0.0,0.0,3
20241112,0,5,526,0.0,0.0,,2.199999999999996,0.0,0.0,0.0,0.0,2
20241112,0,7,1313,0.0,0.0,,2.199999999999996,0.0,0.0,0.0,0.0,2
20241112,0,8,1585,0.0,0.0,,2.199999999999996,0.0,0.0,0.0,0.0,2
20241112,0,9,1558,0.0,0.0,,2.199999999999996,0.0,0.0,0.0,0.0,2
20241112,0,10,1254,0.0,0.0,,2.199999999999996,0.0,0.0,0.0,0.0,2
20241112,0,11,1095,0.0,0.0,,2.199999999999996,0.0,0.0,0.0,0.0,2
20241112,0,12,1076,0.0,0.0,,2.199999999999996,0.0,0.0,0.0,0.0,2
20241112,0,13,1056,0.0,0.0,,2.199999999999996,0.0,0.0,0.0,0.0,2
20241112,0,14,961,0.0,0.0,,2.199999999999996,0.0,0.0,0.0,0.0,2
20241112,0,15,996,0.0,0.0,,2.199999999999996,0.0,0.0,0.0,0.0,2
20241112,0,16,993,0.0,0.0,,2.199999999999996,0.0,0.0,0.0,0.0,2
20241112,0,17,723,0.0,0.0,,2.199999999999996,0.0,0.0,0.0,0.0,2
20241112,0,19,427,0.0,0.0,,2.199999999999996,0.0,0.0,0.0,0.0,2
20241112,0,20,380,0.0,0.0,,2.199999999999996,0.0,0.0,0.0,0.0,2
20241112,0,21,268,0.0,0.0,,2.199999999999996,0.0,0.0,0.0,0.0,2
20241112,0,22,175,0.0,0.0,,2.199999999999996,0.0,0.0,0.0,0.0,2
20241112,0,23,135,0.0,0.0,,2.199999999999996,0.0,0.0,0.0,0.0,2
20241119,0,6,758,0.03,0.3,,1.9999999999999964,0.0,0.0,0.0,0.0,2
20241119,0,7,1062,0.03,0.3,,1.9999999999999964,0.0,0.0,0.0,0.0,2
20241119,0,8,1282,0.03,0.3,,1.9999999999999964,0.0,0.0,0.0,0.0,2
20241119,0,9,1249,0.03,0.3,,1.9999999999999964,0.0,0.0,0.0,0.0,2
20241119,0,10,1060,0.03,0.3,,1.9999999999999964,0.0,0.0,0.0,0.0,2
20241119,0,12,934,0.03,0.3,,1.9999999999999964,0.0,0.0,0.0,0.0,2
20241119,0,13,953,0.03,0.3,,1.9999999999999964,0.0,0.0,0.0,0.0,2
20241119,0,14,875,0.03,0.3,,1.9999999999999964,0.0,0.0,0.0,0.0,2
20241119,0,15,903,0.03,0.3,,1.9999999999999964,0.0,0.0,0.0,0.0,2
20241119,0,16,923,0.03,0.3,,1.9999999999999964,0.0,0.0,0.0,0.0,2
20241119,0,17,685,0.03,0.3,,1.9999999999999964,0.0,0.0,0.0,0.0,2
20241119,0,18,569,0.03,0.3,,1.9999999999999964,0.0,0.0,0.0,0.0,2
20241119,0,19,448,0.03,0.3,,1.9999999999999964,0.0,0.0,0.0,0.0,2
20241119,0,20,372,0.03,0.3,,1.9999999999999964,0.0,0.0,0.0,0.0,2
20241119,0,21,224,0.03,0.3,,1.9999999999999964,0.0,0.0,0.0,0.0,2
20241119,0,22,176,0.03,0.3,,1.9999999999999964,0.0,0.0,0.0,0.0,2
20241125,0,6,934,0.05,0.7,,0.9999999999999964,0.0,0.0,0.0,0.0,1
20241125,0,7,1893,0.05,0.7,,0.9999999999999964,0.0,0.0,0.0,0.0,1
20241125,0,8,2264,0.05,0.7,,0.9999999999999964,0.0,0.0,0.0,0.0,1
20241125,0,9,1625,0.05,0.7,,0.9999999999999964,0.0,0.0,0.0,0.0,1
20241125,0,11,1297,0.05,0.7,,0.9999999999999964,0.0,0.0,0.0,0.0,1
20241125,0,12,1368,0.05,0.7,,0.9999999999999964,0.0,0.0,0.0,0.0,1
20241125,0,13,1240,0.05,0.7,,0.9999999999999964,0.0,0.0,0.0,0.0,1
20241125,0,14,2592,0.05,0.7,,0.9999999999999964,0.0,0.0,0.0,0.0,1
20241125,0,15,1730,0.05,0.7,,0.9999999999999964,0.0,0.0,0.0,0.0,1
20241125,0,16,1562,0.05,0.7,,0.9999999999999964,0.0,0.0,0.0,0.0,1
20241125,0,17,1348,0.05,0.7,,0.9999999999999964,0.0,0.0,0.0,0.0,1
20241125,0,18,1184,0.05,0.7,,0.9999999999999964,0.0,0.0,0.0,0.0,1
20241125,0,19,815,0.05,0.7,,0.9999999999999964,0.0,0.0,0.0,0.0,1
20241125,0,20,666,0.05,0.7,,0.9999999999999964,0.0,0.0,0.0,0.0,1
20241125,0,21,505,0.05,0.7,,0.9999999999999964,0.0,0.0,0.0,0.0,1
20241125,0,22,388,0.05,0.7,,0.9999999999999964,0.0,0.0,0.0,0.0,1
20241125,0,23,252,0.05,0.7,,0.9999999999999964,0.0,0.0,0.0,0.0,1
20241210,0,6,548,0.02,0.3,,0.2999999999999964,0.0,0.0,0.0,0.0,2
20241210,0,7,1001,0.02,0.3,,0.2999999999999964,0.0,0.0,0.0,0.0,2
20241210,0,8,1529,0.02,0.3,,0.2999999999999964,0.0,0.0,0.0,0.0,2
20241210,0,9,1443,0.02,0.3,,0.2999999999999964,0.0,0.0,0.0,0.0,2
20241210,0,10,1300,0.02,0.3,,0.2999999999999964,0.0,0.0,0.0,0.0,2
20241210,0,11,1110,0.02,0.3,,0.2999999999999964,0.0,0.0,0.0,0.0,2
20241210,0,12,1088,0.02,0.3,,0.2999999999999964,0.0,0.0,0.0,0.0,2
20241210,0,13,1013,0.02,0.3,,0.2999999999999964,0.0,0.0,0.0,0.0,2
20241210,0,14,1040,0.02,0.3,,0.2999999999999964,0.0,0.0,0.0,0.0,2
20241210,0,16,1032,0.02,0.3,,0.2999999999999964,0.0,0.0,0.0,0.0,2
20241210,0,17,765,0.02,0.3,,0.2999999999999964,0.0,0.0,0.0,0.0,2
20241210,0,18,650,0.02,0.3,,0.2999999999999964,0.0,0.0,0.0,0.0,2
20241210,0,19,579,0.02,0.3,,0.2999999999999964,0.0,0.0,0.0,0.0,2
20241210,0,20,425,0.02,0.3,,0.2999999999999964,0.0,0.0,0.0,0.0,2
20241210,0,21,344,0.02,0.3,,0.2999999999999964,0.0,0.0,0.0,0.0,2
20241210,0,22,196,0.02,0.3,,0.2999999999999964,0.0,0.0,0.0,0.0,2
20241217,0,6,839,0.07,0.8,,0.9999999999999964,0.0,0.0,0.0,0.0,2
20241217,0,7,1619,0.07,0.8,,0.9999999999999964,0.0,0.0,0.0,0.0,2
20241217,0,8,2226,0.07,0.8,,0.9999999999999964,0.0,0.0,0.0,0.0,2
20241217,0,10,1498,0.07,0.8,,0.9999999999999964,0.0,0.0,0.0,0.0,2
20241217,0,11,1384,0.07,0.8,,0.9999999999999964,0.0,0.0,0.0,0.0,2
20241217,0,12,1213,0.07,0.8,,0.9999999999999964,0.0,0.0,0.0,0.0,2
20241217,0,14,1290,0.07,0.8,,0.9999999999999964,0.0,0.0,0.0,0.0,2
20241217,0,15,1121,0.07,0.8,,0.9999999999999964,0.0,0.0,0.0,0.0,2
20241217,0,16,1150,0.07,0.8,,0.9999999999999964,0.0,0.0,0.0,0.0,2
20241217,0,17,908,0.07,0.8,,0.9999999999999964,0.0,0.0,0.0,0.0,2
20241217,0,18,743,0.07,0.8,,0.9999999999999964,0.0,0.0,0.0,0.0,2
20241217,0,19,546,0.07,0.8,,0.9999999999999964,0.0,0.0,0.0,0.0,2
20241217,0,20,439,0.07,0.8,,0.9999999999999964,0.0,0.0,0.0,0.0,2
20241217,0,21,357,0.07,0.8,,0.9999999999999964,0.0,0.0,0.0,0.0,2
20241217,0,22,243,0.07,0.8,,0.9999999999999964,0.0,0.0,0.0,0.0,2
20241217,0,23,144,0.07,0.8,,0.9999999999999964,0.0,0.0,0.0,0.0,2
20241224,0,6,1081,0.06,0.5,,1.4999999999999964,0.0,0.0,0.0,0.0,2
20241224,0,7,2422,0.06,0.5,,1.4999999999999964,0.0,0.0,0.0,0.0,2
20241224,0,8,2283,0.06,0.5,,1.4999999999999964,0.0,0.0,0.0,0.0,2
20241224,0,9,2035,0.06,0.5,,1.4999999999999964,0.0,0.0,0.0,0.0,2
20241224,0,10,2298,0.06,0.5,,1.4999999999999964,0.0,0.0,0.0,0.0,2
20241224,0,11,2235,0.06,0.5,,1.4999999999999964,0.0,0.0,0.0,0.0,2
20241224,0,12,2058,0.06,0.5,,1.4999999999999964,0.0,0.0,0.0,0.0,2
20241224,0,13,1941,0.06,0.5,,1.4999999999999964,0.0,0.0,0.0,0.0,2
20241224,0,14,1673,0.06,0.5,,1.4999999999999964,0.0,0.0,0.0,0.0,2
20241224,0,15,1551,0.06,0.5,,1.4999999999999964,0.0,0.0,0.0,0.0,2
20241224,0,16,1345,0.06,0.5,,1.4999999999999964,0.0,0.0,0.0,0.0,2
20241224,0,17,984,0.06,0.5,,1.4999999999999964,0.0,0.0,0.0,0.0,2
20241224,0,18,701,0.06,0.5,,1.4999999999999964,0.0,0.0,0.0,0.0,2
20241224,0,19,596,0.06,0.5,,1.4999999999999964,0.0,0.0,0.0,0.0,2
20241224,0,20,474,0.06,0.5,,1.4999999999999964,0.0,0.0,0.0,0.0,2
20241224,0,21,434,0.06,0.5,,1.4999999999999964,0.0,0.0,0.0,0.0,2
20241224,0,22,323,0.06,0.5,,1.4999999999999964,0.0,0.0,0.0,0.0,2
20241224,0,23,188,0.06,0.5,,1.4999999999999964,0.0,0.0,0.0,0.0,2
