Date,Direction,Time,TRAFFIC,PRCP,SNOW,SNWD,SNOW_DAY_SUM,Vehicles,Driver Age,Condition_Code,MorF,DayOfWeek
20150218,0,8,1845,0.0,0.0,,3.2000000000000006,0.0,0.0,0.0,0.0,3
20150218,0,9,1784,0.0,0.0,,3.2000000000000006,0.0,0.0,0.0,0.0,3
20151125,0,7,2257,0.0,0.0,,1.8999999999999964,0.0,0.0,0.0,0.0,3
20151125,0,8,2535,0.0,0.0,,1.8999999999999964,0.0,0.0,0.0,0.0,3
20151125,0,10,2669,0.0,0.0,,1.8999999999999964,0.0,0.0,0.0,0.0,3
20151125,0,11,2760,0.0,0.0,,1.8999999999999964,0.0,0.0,0.0,0.0,3
20151125,0,12,2570,0.0,0.0,,1.8999999999999964,0.0,0.0,0.0,0.0,3
20151125,0,13,2769,0.0,0.0,,1.8999999999999964,0.0,0.0,0.0,0.0,3
20151125,0,14,2736,0.0,0.0,,1.8999999999999964,0.0,0.0,0.0,0.0,3
20151125,0,15,2531,0.0,0.0,,1.8999999999999964,0.0,0.0,0.0,0.0,3
20151229,0,7,2992,0.0,0.0,,5.700000000000002,0.0,0.0,0.0,0.0,2
20151229,0,8,3085,0.0,0.0,,5.700000000000002,0.0,0.0,0.0,0.0,2
20151229,0,9,3056,0.0,0.0,,5.700000000000002,0.0,0.0,0.0,0.0,2
20151229,0,10,2624,0.0,0.0,,5.700000000000002,0.0,0.0,0.0,0.0,2
20151229,0,11,2556,0.0,0.0,,5.700000000000002,0.0,0.0,0.0,0.0,2
20160106,0,8,2199,0.0,0.0,,0.9000000000000018,0.0,0.0,0.0,0.0,3
20160113,0,7,1649,0.0,0.0,,2.300000000000002,0.0,0.0,0.0,0.0,3
20160113,0,8,2181,0.0,0.0,,2.300000000000002,0.0,0.0,0.0,0.0,3
20160113,0,9,2109,0.0,0.0,,2.300000000000002,0.0,0.0,0.0,0.0,3
20160113,0,10,1634,0.0,0.0,,2.300000000000002,0.0,0.0,0.0,0.0,3
20160118,0,8,3254,0.0,0.0,,6.200000000000001,0.0,0.0,0.0,0.0,1
20160118,0,9,3030,0.0,0.0,,6.200000000000001,0.0,0.0,0.0,0.0,1
20160127,0,7,1510,0.0,0.0,,2.3000000000000016,0.0,0.0,0.0,0.0,3
20160127,0,8,2064,0.0,0.0,,2.3000000000000016,0.0,0.0,0.0,0.0,3
20160127,0,9,2021,0.0,0.0,,2.3000000000000016,0.0,0.0,0.0,0.0,3
20160224,0,7,1465,0.0,0.0,,2.4000000000000017,0.0,0.0,0.0,0.0,3
20160224,0,8,1956,0.0,0.0,,2.4000000000000017,0.0,0.0,0.0,0.0,3
20160224,0,9,1807,0.0,0.0,,2.4000000000000017,0.0,0.0,0.0,0.0,3
20160316,0,7,2513,0.02,0.4,,2.5000000000000018,0.0,0.0,0.0,0.0,3
20160316,0,8,2647,0.02,0.4,,2.5000000000000018,0.0,0.0,0.0,0.0,3
20160316,0,9,2001,0.02,0.4,,2.5000000000000018,0.0,0.0,0.0,0.0,3
20160321,0,8,2608,0.0,0.0,,6.700000000000003,0.0,0.0,0.0,0.0,1
20160406,0,7,1419,0.0,0.0,,2.900000000000002,0.0,0.0,0.0,0.0,3
20160406,0,8,1735,0.0,0.0,,2.900000000000002,0.0,0.0,0.0,0.0,3
20160406,0,9,1775,0.0,0.0,,2.900000000000002,0.0,0.0,0.0,0.0,3
20161123,0,7,1445,0.0,0.0,,2.9000000000000017,0.0,0.0,0.0,0.0,3
20161123,0,8,1845,0.0,0.0,,2.9000000000000017,0.0,0.0,0.0,0.0,3
20161123,0,9,2104,0.0,0.0,,2.9000000000000017,0.0,0.0,0.0,0.0,3
20161123,0,10,2571,0.0,0.0,,2.9000000000000017,0.0,0.0,0.0,0.0,3
20161123,0,11,2799,0.0,0.0,,2.9000000000000017,0.0,0.0,0.0,0.0,3
20161123,0,12,2667,0.0,0.0,,2.9000000000000017,0.0,0.0,0.0,0.0,3
20161123,0,13,2830,0.0,0.0,,2.9000000000000017,0.0,0.0,0.0,0.0,3
20161123,0,14,2855,0.0,0.0,,2.9000000000000017,0.0,0.0,0.0,0.0,3
20161123,0,15,2779,0.0,0.0,,2.9000000000000017,0.0,0.0,0.0,0.0,3
20161123,0,16,2448,0.0,0.0,,2.9000000000000017,0.0,0.0,0.0,0.0,3
20161123,0,17,2051,0.0,0.0,,2.9000000000000017,0.0,0.0,0.0,0.0,3
20161227,0,7,3293,0.0,0.0,,4.900000000000002,0.0,0.0,0.0,0.0,2
20161227,0,8,3352,0.0,0.0,,4.900000000000002,0.0,0.0,0.0,0.0,2
20161227,0,9,3026,0.0,0.0,,4.900000000000002,0.0,0.0,0.0,0.0,2
20161227,0,11,2947,0.0,0.0,,4.900000000000002,0.0,0.0,0.0,0.0,2
20161227,0,12,2974,0.0,0.0,,4.900000000000002,0.0,0.0,0.0,0.0,2
20161227,0,13,2683,0.0,0.0,,4.900000000000002,0.0,0.0,0.0,0.0,2
20161227,0,14,2577,0.0,0.0,,4.900000000000002,0.0,0.0,0.0,0.0,2
20161228,0,7,2847,0.0,0.0,,4.900000000000002,0.0,0.0,0.0,0.0,3
20161228,0,8,3002,0.0,0.0,,4.900000000000002,0.0,0.0,0.0,0.0,3
20161228,0,9,2528,0.0,0.0,,4.900000000000002,0.0,0.0,0.0,0.0,3
20161228,0,10,2556,0.0,0.0,,4.900000000000002,0.0,0.0,0.0,0.0,3
20161228,0,11,2272,0.0,0.0,,4.900000000000002,0.0,0.0,0.0,0.0,3
20170201,0,6,706,0.0,0.0,,1.900000000000002,0.0,0.0,0.0,0.0,3
20170201,0,7,1518,0.0,0.0,,1.900000000000002,0.0,0.0,0.0,0.0,3
20170201,0,8,1935,0.0,0.0,,1.900000000000002,0.0,0.0,0.0,0.0,3
20170201,0,9,1996,0.0,0.0,,1.900000000000002,0.0,0.0,0.0,0.0,3
20170201,0,10,1545,0.0,0.0,,1.900000000000002,0.0,0.0,0.0,0.0,3
20170201,0,11,1305,0.0,0.0,,1.900000000000002,0.0,0.0,0.0,0.0,3
20170201,0,12,1199,0.0,0.0,,1.900000000000002,0.0,0.0,0.0,0.0,3
20170201,0,13,1267,0.0,0.0,,1.900000000000002,0.0,0.0,0.0,0.0,3
20170201,0,14,1222,0.0,0.0,,1.900000000000002,0.0,0.0,0.0,0.0,3
20170201,0,15,1282,0.0,0.0,,1.900000000000002,0.0,0.0,0.0,0.0,3
20170201,0,16,1244,0.0,0.0,,1.900000000000002,0.0,0.0,0.0,0.0,3
20170201,0,17,935,0.0,0.0,,1.900000000000002,0.0,0.0,0.0,0.0,3
20170201,0,18,826,0.0,0.0,,1.900000000000002,0.0,0.0,0.0,0.0,3
20170201,0,19,661,0.0,0.0,,1.900000000000002,0.0,0.0,0.0,0.0,3
20170201,0,20,516,0.0,0.0,,1.900000000000002,0.0,0.0,0.0,0.0,3
20170201,0,21,448,0.0,0.0,,1.900000000000002,0.0,0.0,0.0,0.0,3
20170201,0,22,426,0.0,0.0,,1.900000000000002,0.0,0.0,0.0,0.0,3
20170201,0,23,276,0.0,0.0,,1.900000000000002,0.0,0.0,0.0,0.0,3
20170209,0,8,2790,0.0,0.0,,5.700000000000002,0.0,0.0,0.0,0.0,4
20170215,0,6,774,0.0,0.0,,2.700000000000002,0.0,0.0,0.0,0.0,3
20170215,0,7,1445,0.0,0.0,,2.700000000000002,0.0,0.0,0.0,0.0,3
20170215,0,8,1943,0.0,0.0,,2.700000000000002,0.0,0.0,0.0,0.0,3
20170215,0,9,1886,0.0,0.0,,2.700000000000002,0.0,0.0,0.0,0.0,3
20170215,0,10,1578,0.0,0.0,,2.700000000000002,0.0,0.0,0.0,0.0,3
20170215,0,11,1302,0.0,0.0,,2.700000000000002,0.0,0.0,0.0,0.0,3
20170215,0,12,1233,0.0,0.0,,2.700000000000002,0.0,0.0,0.0,0.0,3
20170215,0,13,1301,0.0,0.0,,2.700000000000002,0.0,0.0,0.0,0.0,3
20170215,0,14,1248,0.0,0.0,,2.700000000000002,0.0,0.0,0.0,0.0,3
20170215,0,15,1418,0.0,0.0,,2.700000000000002,0.0,0.0,0.0,0.0,3
20170215,0,17,1195,0.0,0.0,,2.700000000000002,0.0,0.0,0.0,0.0,3
20170215,0,18,1035,0.0,0.0,,2.700000000000002,0.0,0.0,0.0,0.0,3
20170215,0,19,935,0.0,0.0,,2.700000000000002,0.0,0.0,0.0,0.0,3
20170215,0,20,773,0.0,0.0,,2.700000000000002,0.0,0.0,0.0,0.0,3
20170215,0,21,545,0.0,0.0,,2.700000000000002,0.0,0.0,0.0,0.0,3
20170215,0,22,555,0.0,0.0,,2.700000000000002,0.0,0.0,0.0,0.0,3
20170215,0,23,330,0.0,0.0,,2.700000000000002,0.0,0.0,0.0,0.0,3
20170222,0,6,724,0.0,0.0,,1.2000000000000015,0.0,0.0,0.0,0.0,3
20170222,0,7,1367,0.0,0.0,,1.2000000000000015,0.0,0.0,0.0,0.0,3
20170222,0,8,1684,0.0,0.0,,1.2000000000000015,0.0,0.0,0.0,0.0,3
20170222,0,9,1589,0.0,0.0,,1.2000000000000015,0.0,0.0,0.0,0.0,3
20170222,0,10,1382,0.0,0.0,,1.2000000000000015,0.0,0.0,0.0,0.0,3
20170222,0,11,1301,0.0,0.0,,1.2000000000000015,0.0,0.0,0.0,0.0,3
20170222,0,12,1312,0.0,0.0,,1.2000000000000015,0.0,0.0,0.0,0.0,3
20170222,0,13,1393,0.0,0.0,,1.2000000000000015,0.0,0.0,0.0,0.0,3
20170222,0,14,1493,0.0,0.0,,1.2000000000000015,0.0,0.0,0.0,0.0,3
20170222,0,15,1331,0.0,0.0,,1.2000000000000015,0.0,0.0,0.0,0.0,3
20170222,0,16,1479,0.0,0.0,,1.2000000000000015,0.0,0.0,0.0,0.0,3
20170222,0,17,1345,0.0,0.0,,1.2000000000000015,0.0,0.0,0.0,0.0,3
20170222,0,18,1074,0.0,0.0,,1.2000000000000015,0.0,0.0,0.0,0.0,3
20170222,0,19,904,0.0,0.0,,1.2000000000000015,0.0,0.0,0.0,0.0,3
20170222,0,20,759,0.0,0.0,,1.2000000000000015,0.0,0.0,0.0,0.0,3
20170222,0,21,611,0.0,0.0,,1.2000000000000015,0.0,0.0,0.0,0.0,3
20170222,0,22,454,0.0,0.0,,1.2000000000000015,0.0,0.0,0.0,0.0,3
20170222,0,23,278,0.0,0.0,,1.2000000000000015,0.0,0.0,0.0,0.0,3
20170308,0,6,753,0.0,0.0,,1.4000000000000017,0.0,0.0,0.0,0.0,3
20170308,0,7,1628,0.0,0.0,,1.4000000000000017,0.0,0.0,0.0,0.0,3
20170308,0,8,2180,0.0,0.0,,1.4000000000000017,0.0,0.0,0.0,0.0,3
20170308,0,9,1922,0.0,0.0,,1.4000000000000017,0.0,0.0,0.0,0.0,3
20170308,0,10,1617,0.0,0.0,,1.4000000000000017,0.0,0.0,0.0,0.0,3
20170308,0,11,1352,0.0,0.0,,1.4000000000000017,0.0,0.0,0.0,0.0,3
20170308,0,12,1197,0.0,0.0,,1.4000000000000017,0.0,0.0,0.0,0.0,3
20170308,0,13,1255,0.0,0.0,,1.4000000000000017,0.0,0.0,0.0,0.0,3
20170308,0,14,1294,0.0,0.0,,1.4000000000000017,0.0,0.0,0.0,0.0,3
20170308,0,15,1306,0.0,0.0,,1.4000000000000017,0.0,0.0,0.0,0.0,3
20170308,0,16,1342,0.0,0.0,,1.4000000000000017,0.0,0.0,0.0,0.0,3
20170308,0,17,1220,0.0,0.0,,1.4000000000000017,0.0,0.0,0.0,0.0,3
20170308,0,18,935,0.0,0.0,,1.4000000000000017,0.0,0.0,0.0,0.0,3
20170308,0,19,887,0.0,0.0,,1.4000000000000017,0.0,0.0,0.0,0.0,3
20170308,0,20,696,0.0,0.0,,1.4000000000000017,0.0,0.0,0.0,0.0,3
20170308,0,21,495,0.0,0.0,,1.4000000000000017,0.0,0.0,0.0,0.0,3
20170308,0,22,488,0.0,0.0,,1.4000000000000017,0.0,0.0,0.0,0.0,3
20170308,0,23,308,0.0,0.0,,1.4000000000000017,0.0,0.0,0.0,0.0,3
20170315,0,6,711,0.0,0.0,,0.5000000000000018,0.0,0.0,0.0,0.0,3
20170315,0,7,1493,0.0,0.0,,0.5000000000000018,0.0,0.0,0.0,0.0,3
20170315,0,8,1956,0.0,0.0,,0.5000000000000018,0.0,0.0,0.0,0.0,3
20170315,0,9,2035,0.0,0.0,,0.5000000000000018,0.0,0.0,0.0,0.0,3
20170315,0,10,1833,0.0,0.0,,0.5000000000000018,0.0,0.0,0.0,0.0,3
20170315,0,11,1589,0.0,0.0,,0.5000000000000018,0.0,0.0,0.0,0.0,3
20170315,0,12,1488,0.0,0.0,,0.5000000000000018,0.0,0.0,0.0,0.0,3
20170315,0,13,1350,0.0,0.0,,0.5000000000000018,0.0,0.0,0.0,0.0,3
20170315,0,14,1392,0.0,0.0,,0.5000000000000018,0.0,0.0,0.0,0.0,3
20170315,0,15,1423,0.0,0.0,,0.5000000000000018,0.0,0.0,0.0,0.0,3
20170315,0,16,1485,0.0,0.0,,0.5000000000000018,0.0,0.0,0.0,0.0,3
20170315,0,17,1222,0.0,0.0,,0.5000000000000018,0.0,0.0,0.0,0.0,3
20170315,0,18,1163,0.0,0.0,,0.5000000000000018,0.0,0.0,0.0,0.0,3
20170315,0,21,581,0.0,0.0,,0.5000000000000018,0.0,0.0,0.0,0.0,3
20170315,0,23,388,0.0,0.0,,0.5000000000000018,0.0,0.0,0.0,0.0,3
20170322,0,6,667,0.0,0.0,,0.0,0.0,0.0,0.0,0.0,3
20170322,0,7,1167,0.0,0.0,,0.0,0.0,0.0,0.0,0.0,3
20170322,0,8,1628,0.0,0.0,,0.0,0.0,0.0,0.0,0.0,3
20170322,0,9,1745,0.0,0.0,,0.0,0.0,0.0,0.0,0.0,3
20170322,0,10,1488,0.0,0.0,,0.0,0.0,0.0,0.0,0.0,3
20170322,0,12,1237,0.0,0.0,,0.0,0.0,0.0,0.0,0.0,3
20170322,0,13,1306,0.0,0.0,,0.0,0.0,0.0,0.0,0.0,3
20170322,0,14,1392,0.0,0.0,,0.0,0.0,0.0,0.0,0.0,3
20170322,0,15,1428,0.0,0.0,,0.0,0.0,0.0,0.0,0.0,3
20170322,0,16,1368,0.0,0.0,,0.0,0.0,0.0,0.0,0.0,3
20170322,0,17,1208,0.0,0.0,,0.0,0.0,0.0,0.0,0.0,3
20170322,0,18,1117,0.0,0.0,,0.0,0.0,0.0,0.0,0.0,3
20170322,0,21,589,0.0,0.0,,0.0,0.0,0.0,0.0,0.0,3
20170322,0,22,498,0.0,0.0,,0.0,0.0,0.0,0.0,0.0,3
20170322,0,23,284,0.0,0.0,,0.0,0.0,0.0,0.0,0.0,3
20170329,0,6,880,0.03,0.0,,1.4000000000000017,0.0,0.0,0.0,0.0,3
20170329,0,7,2050,0.03,0.0,,1.4000000000000017,0.0,0.0,0.0,0.0,3
20170329,0,8,2298,0.03,0.0,,1.4000000000000017,0.0,0.0,0.0,0.0,3
20170329,0,9,1946,0.03,0.0,,1.4000000000000017,0.0,0.0,0.0,0.0,3
20170329,0,10,1827,0.03,0.0,,1.4000000000000017,0.0,0.0,0.0,0.0,3
20170329,0,11,1604,0.03,0.0,,1.4000000000000017,0.0,0.0,0.0,0.0,3
20170329,0,12,1474,0.03,0.0,,1.4000000000000017,0.0,0.0,0.0,0.0,3
20170329,0,13,1398,0.03,0.0,,1.4000000000000017,0.0,0.0,0.0,0.0,3
20170329,0,14,1461,0.03,0.0,,1.4000000000000017,0.0,0.0,0.0,0.0,3
20170329,0,15,1291,0.03,0.0,,1.4000000000000017,0.0,0.0,0.0,0.0,3
20170329,0,16,1345,0.03,0.0,,1.4000000000000017,0.0,0.0,0.0,0.0,3
20170329,0,17,1141,0.03,0.0,,1.4000000000000017,0.0,0.0,0.0,0.0,3
20170329,0,18,972,0.03,0.0,,1.4000000000000017,0.0,0.0,0.0,0.0,3
20170329,0,19,831,0.03,0.0,,1.4000000000000017,0.0,0.0,0.0,0.0,3
20170329,0,20,662,0.03,0.0,,1.4000000000000017,0.0,0.0,0.0,0.0,3
20170329,0,21,436,0.03,0.0,,1.4000000000000017,0.0,0.0,0.0,0.0,3
20170329,0,22,461,0.03,0.0,,1.4000000000000017,0.0,0.0,0.0,0.0,3
20170329,0,23,348,0.03,0.0,,1.4000000000000017,0.0,0.0,0.0,0.0,3
20170410,0,7,1068,0.0,0.0,,4.600000000000001,0.0,0.0,0.0,0.0,1
20170412,0,6,630,0.0,0.0,,1.2000000000000015,0.0,0.0,0.0,0.0,3
20170412,0,7,1013,0.0,0.0,,1.2000000000000015,0.0,0.0,0.0,0.0,3
20170412,0,8,1311,0.0,0.0,,1.2000000000000015,0.0,0.0,0.0,0.0,3
20170412,0,9,1642,0.0,0.0,,1.2000000000000015,0.0,0.0,0.0,0.0,3
20170412,0,10,1402,0.0,0.0,,1.2000000000000015,0.0,0.0,0.0,0.0,3
20170412,0,11,1235,0.0,0.0,,1.2000000000000015,0.0,0.0,0.0,0.0,3
20170412,0,12,1040,0.0,0.0,,1.2000000000000015,0.0,0.0,0.0,0.0,3
20170412,0,13,1090,0.0,0.0,,1.2000000000000015,0.0,0.0,0.0,0.0,3
20170412,0,14,1038,0.0,0.0,,1.2000000000000015,0.0,0.0,0.0,0.0,3
20170412,0,15,1145,0.0,0.0,,1.2000000000000015,0.0,0.0,0.0,0.0,3
20170412,0,16,1214,0.0,0.0,,1.2000000000000015,0.0,0.0,0.0,0.0,3
20170412,0,17,1056,0.0,0.0,,1.2000000000000015,0.0,0.0,0.0,0.0,3
20170412,0,18,1005,0.0,0.0,,1.2000000000000015,0.0,0.0,0.0,0.0,3
20170412,0,19,814,0.0,0.0,,1.2000000000000015,0.0,0.0,0.0,0.0,3
20170412,0,20,638,0.0,0.0,,1.2000000000000015,0.0,0.0,0.0,0.0,3
20170412,0,21,533,0.0,0.0,,1.2000000000000015,0.0,0.0,0.0,0.0,3
20170412,0,22,380,0.0,0.0,,1.2000000000000015,0.0,0.0,0.0,0.0,3
20170412,0,23,244,0.0,0.0,,1.2000000000000015,0.0,0.0,0.0,0.0,3
20170419,0,6,638,0.01,0.0,,0.0,0.0,0.0,0.0,0.0,3
20170419,0,7,871,0.01,0.0,,0.0,0.0,0.0,0.0,0.0,3
20170419,0,8,1160,0.01,0.0,,0.0,0.0,0.0,0.0,0.0,3
20170419,0,9,1334,0.01,0.0,,0.0,0.0,0.0,0.0,0.0,3
20170419,0,10,1177,0.01,0.0,,0.0,0.0,0.0,0.0,0.0,3
20170419,0,11,1089,0.01,0.0,,0.0,0.0,0.0,0.0,0.0,3
20170419,0,12,976,0.01,0.0,,0.0,0.0,0.0,0.0,0.0,3
20170419,0,13,1028,0.01,0.0,,0.0,0.0,0.0,0.0,0.0,3
20170419,0,15,1118,0.01,0.0,,0.0,0.0,0.0,0.0,0.0,3
20170419,0,16,1171,0.01,0.0,,0.0,0.0,0.0,0.0,0.0,3
20170419,0,17,1085,0.01,0.0,,0.0,0.0,0.0,0.0,0.0,3
20170419,0,21,461,0.01,0.0,,0.0,0.0,0.0,0.0,0.0,3
20170419,0,22,373,0.01,0.0,,0.0,0.0,0.0,0.0,0.0,3
20170419,0,23,262,0.01,0.0,,0.0,0.0,0.0,0.0,0.0,3
20170510,0,6,611,0.04,0.0,0.0,0.4999999999999929,0.0,0.0,0.0,0.0,3
20170510,0,7,825,0.04,0.0,0.0,0.4999999999999929,0.0,0.0,0.0,0.0,3
20170510,0,8,921,0.04,0.0,0.0,0.4999999999999929,0.0,0.0,0.0,0.0,3
20170510,0,9,1230,0.04,0.0,0.0,0.4999999999999929,0.0,0.0,0.0,0.0,3
20170510,0,10,1086,0.04,0.0,0.0,0.4999999999999929,0.0,0.0,0.0,0.0,3
20170510,0,11,1099,0.04,0.0,0.0,0.4999999999999929,0.0,0.0,0.0,0.0,3
20170510,0,12,1015,0.04,0.0,0.0,0.4999999999999929,0.0,0.0,0.0,0.0,3
20170510,0,13,1048,0.04,0.0,0.0,0.4999999999999929,0.0,0.0,0.0,0.0,3
20170510,0,14,1058,0.04,0.0,0.0,0.4999999999999929,0.0,0.0,0.0,0.0,3
20170510,0,15,1103,0.04,0.0,0.0,0.4999999999999929,0.0,0.0,0.0,0.0,3
20170510,0,16,1107,0.04,0.0,0.0,0.4999999999999929,0.0,0.0,0.0,0.0,3
20170510,0,17,1011,0.04,0.0,0.0,0.4999999999999929,0.0,0.0,0.0,0.0,3
20170510,0,18,877,0.04,0.0,0.0,0.4999999999999929,0.0,0.0,0.0,0.0,3
20170510,0,19,659,0.04,0.0,0.0,0.4999999999999929,0.0,0.0,0.0,0.0,3
20170510,0,20,497,0.04,0.0,0.0,0.4999999999999929,0.0,0.0,0.0,0.0,3
20170510,0,21,356,0.04,0.0,0.0,0.4999999999999929,0.0,0.0,0.0,0.0,3
20170510,0,22,266,0.04,0.0,0.0,0.4999999999999929,0.0,0.0,0.0,0.0,3
20170510,0,23,218,0.04,0.0,0.0,0.4999999999999929,0.0,0.0,0.0,0.0,3
20170517,0,6,709,0.0,0.0,,0.0,0.0,0.0,0.0,0.0,3
20170517,0,7,853,0.0,0.0,,0.0,0.0,0.0,0.0,0.0,3
20170517,0,8,1022,0.0,0.0,,0.0,0.0,0.0,0.0,0.0,3
20170517,0,9,1337,0.0,0.0,,0.0,0.0,0.0,0.0,0.0,3
20170517,0,10,1405,0.0,0.0,,0.0,0.0,0.0,0.0,0.0,3
20170517,0,11,1228,0.0,0.0,,0.0,0.0,0.0,0.0,0.0,3
20170517,0,12,1199,0.0,0.0,,0.0,0.0,0.0,0.0,0.0,3
20170517,0,13,1210,0.0,0.0,,0.0,0.0,0.0,0.0,0.0,3
20170517,0,14,1162,0.0,0.0,,0.0,0.0,0.0,0.0,0.0,3
20170517,0,15,1282,0.0,0.0,,0.0,0.0,0.0,0.0,0.0,3
20170517,0,16,1211,0.0,0.0,,0.0,0.0,0.0,0.0,0.0,3
20170517,0,17,1042,0.0,0.0,,0.0,0.0,0.0,0.0,0.0,3
20170517,0,21,409,0.0,0.0,,0.0,0.0,0.0,0.0,0.0,3
20170517,0,22,300,0.0,0.0,,0.0,0.0,0.0,0.0,0.0,3
20170517,0,23,231,0.0,0.0,,0.0,0.0,0.0,0.0,0.0,3
20170607,0,7,917,,,,,0.0,0.0,0.0,0.0,3
20170607,0,9,1572,,,,,0.0,0.0,0.0,0.0,3
20170607,0,10,1534,,,,,0.0,0.0,0.0,0.0,3
20170607,0,11,1603,,,,,0.0,0.0,0.0,0.0,3
20170607,0,12,1633,,,,,0.0,0.0,0.0,0.0,3
20170607,0,13,1502,,,,,0.0,0.0,0.0,0.0,3
20170607,0,14,1504,,,,,0.0,0.0,0.0,0.0,3
20170607,0,16,1402,,,,,0.0,0.0,0.0,0.0,3
20170607,0,17,1337,,,,,0.0,0.0,0.0,0.0,3
20170607,0,18,1138,,,,,0.0,0.0,0.0,0.0,3
20170607,0,21,541,,,,,0.0,0.0,0.0,0.0,3
20170607,0,22,486,,,,,0.0,0.0,0.0,0.0,3
20170607,0,23,275,,,,,0.0,0.0,0.0,0.0,3
20170614,0,6,857,0.0,0.0,,0.0,0.0,0.0,0.0,0.0,3
20170614,0,7,1104,0.0,0.0,,0.0,0.0,0.0,0.0,0.0,3
20170614,0,8,1350,0.0,0.0,,0.0,0.0,0.0,0.0,0.0,3
20170614,0,9,1715,0.0,0.0,,0.0,0.0,0.0,0.0,0.0,3
20170614,0,10,1898,0.0,0.0,,0.0,0.0,0.0,0.0,0.0,3
20170614,0,11,1962,0.0,0.0,,0.0,0.0,0.0,0.0,0.0,3
20170614,0,12,1679,0.0,0.0,,0.0,0.0,0.0,0.0,0.0,3
20170614,0,13,1697,0.0,0.0,,0.0,0.0,0.0,0.0,0.0,3
20170614,0,14,1646,0.0,0.0,,0.0,0.0,0.0,0.0,0.0,3
20170614,0,15,1629,0.0,0.0,,0.0,0.0,0.0,0.0,0.0,3
20170614,0,16,1561,0.0,0.0,,0.0,0.0,0.0,0.0,0.0,3
20170614,0,17,1437,0.0,0.0,,0.0,0.0,0.0,0.0,0.0,3
20170614,0,18,1309,0.0,0.0,,0.0,0.0,0.0,0.0,0.0,3
20170614,0,21,599,0.0,0.0,,0.0,0.0,0.0,0.0,0.0,3
20170614,0,22,508,0.0,0.0,,0.0,0.0,0.0,0.0,0.0,3
20170614,0,23,382,0.0,0.0,,0.0,0.0,0.0,0.0,0.0,3
20170621,0,6,935,,,,,0.0,0.0,0.0,0.0,3
20170621,0,7,1179,,,,,0.0,0.0,0.0,0.0,3
20170621,0,8,1347,,,,,0.0,0.0,0.0,0.0,3
20170621,0,9,2044,,,,,0.0,0.0,0.0,0.0,3
20170621,0,10,2055,,,,,0.0,0.0,0.0,0.0,3
20170621,0,11,2035,,,,,0.0,0.0,0.0,0.0,3
20170621,0,12,1846,,,,,0.0,0.0,0.0,0.0,3
20170621,0,13,1653,,,,,0.0,0.0,0.0,0.0,3
20170621,0,14,1640,,,,,0.0,0.0,0.0,0.0,3
20170621,0,15,1650,,,,,0.0,0.0,0.0,0.0,3
20170621,0,16,1473,,,,,0.0,0.0,0.0,0.0,3
20170621,0,17,1341,,,,,0.0,0.0,0.0,0.0,3
20170621,0,21,618,,,,,0.0,0.0,0.0,0.0,3
20170621,0,22,471,,,,,0.0,0.0,0.0,0.0,3
20170621,0,23,309,,,,,0.0,0.0,0.0,0.0,3
20170628,0,6,854,0.0,0.0,,0.0,0.0,0.0,0.0,0.0,3
20170628,0,7,1094,0.0,0.0,,0.0,0.0,0.0,0.0,0.0,3
20170628,0,8,1380,0.0,0.0,,0.0,0.0,0.0,0.0,0.0,3
20170628,0,9,1776,0.0,0.0,,0.0,0.0,0.0,0.0,0.0,3
20170628,0,10,1954,0.0,0.0,,0.0,0.0,0.0,0.0,0.0,3
20170628,0,11,1829,0.0,0.0,,0.0,0.0,0.0,0.0,0.0,3
20170628,0,12,1842,0.0,0.0,,0.0,0.0,0.0,0.0,0.0,3
20170628,0,14,1800,0.0,0.0,,0.0,0.0,0.0,0.0,0.0,3
20170628,0,15,1754,0.0,0.0,,0.0,0.0,0.0,0.0,0.0,3
20170628,0,17,1362,0.0,0.0,,0.0,0.0,0.0,0.0,0.0,3
20170628,0,18,1245,0.0,0.0,,0.0,0.0,0.0,0.0,0.0,3
20170628,0,21,593,0.0,0.0,,0.0,0.0,0.0,0.0,0.0,3
20170628,0,22,451,0.0,0.0,,0.0,0.0,0.0,0.0,0.0,3
20170628,0,23,382,0.0,0.0,,0.0,0.0,0.0,0.0,0.0,3
20170705,0,6,880,,,,,0.0,0.0,0.0,0.0,3
20170705,0,7,1133,,,,,0.0,0.0,0.0,0.0,3
20170705,0,8,1456,,,,,0.0,0.0,0.0,0.0,3
20170705,0,9,1735,,,,,0.0,0.0,0.0,0.0,3
20170705,0,10,1295,,,,,0.0,0.0,0.0,0.0,3
20170705,0,12,2151,,,,,0.0,0.0,0.0,0.0,3
20170705,0,13,2349,,,,,0.0,0.0,0.0,0.0,3
20170705,0,14,2386,,,,,0.0,0.0,0.0,0.0,3
20170705,0,15,1625,,,,,0.0,0.0,0.0,0.0,3
20170705,0,16,1479,,,,,0.0,0.0,0.0,0.0,3
20170705,0,17,1346,,,,,0.0,0.0,0.0,0.0,3
20170705,0,18,1118,,,,,0.0,0.0,0.0,0.0,3
20170705,0,21,517,,,,,0.0,0.0,0.0,0.0,3
20170705,0,22,448,,,,,0.0,0.0,0.0,0.0,3
20170705,0,23,353,,,,,0.0,0.0,0.0,0.0,3
20170712,0,6,787,,,,,0.0,0.0,0.0,0.0,3
20170712,0,7,1048,,,,,0.0,0.0,0.0,0.0,3
20170712,0,8,1316,,,,,0.0,0.0,0.0,0.0,3
20170712,0,9,1679,,,,,0.0,0.0,0.0,0.0,3
20170712,0,10,1943,,,,,0.0,0.0,0.0,0.0,3
20170712,0,11,1823,,,,,0.0,0.0,0.0,0.0,3
20170712,0,12,1649,,,,,0.0,0.0,0.0,0.0,3
20170712,0,13,1613,,,,,0.0,0.0,0.0,0.0,3
20170712,0,14,1679,,,,,0.0,0.0,0.0,0.0,3
20170712,0,15,1687,,,,,0.0,0.0,0.0,0.0,3
20170712,0,16,1576,,,,,0.0,0.0,0.0,0.0,3
20170712,0,18,1217,,,,,0.0,0.0,0.0,0.0,3
20170712,0,21,539,,,,,0.0,0.0,0.0,0.0,3
20170712,0,22,378,,,,,0.0,0.0,0.0,0.0,3
20170712,0,23,308,,,,,0.0,0.0,0.0,0.0,3
20170719,0,6,899,0.0,0.0,,0.0,0.0,0.0,0.0,0.0,3
20170719,0,7,1300,0.0,0.0,,0.0,0.0,0.0,0.0,0.0,3
20170719,0,8,1427,0.0,0.0,,0.0,0.0,0.0,0.0,0.0,3
20170719,0,9,1932,0.0,0.0,,0.0,0.0,0.0,0.0,0.0,3
20170719,0,10,2144,0.0,0.0,,0.0,0.0,0.0,0.0,0.0,3
20170719,0,11,2109,0.0,0.0,,0.0,0.0,0.0,0.0,0.0,3
20170719,0,12,1793,0.0,0.0,,0.0,0.0,0.0,0.0,0.0,3
20170719,0,13,1804,0.0,0.0,,0.0,0.0,0.0,0.0,0.0,3
20170719,0,14,1812,0.0,0.0,,0.0,0.0,0.0,0.0,0.0,3
20170719,0,15,1839,0.0,0.0,,0.0,0.0,0.0,0.0,0.0,3
20170719,0,16,1695,0.0,0.0,,0.0,0.0,0.0,0.0,0.0,3
20170719,0,17,1387,0.0,0.0,,0.0,0.0,0.0,0.0,0.0,3
20170719,0,18,1311,0.0,0.0,,0.0,0.0,0.0,0.0,0.0,3
20170719,0,21,612,0.0,0.0,,0.0,0.0,0.0,0.0,0.0,3
20170719,0,23,342,0.0,0.0,,0.0,0.0,0.0,0.0,0.0,3
20170726,0,6,906,,,,,0.0,0.0,0.0,0.0,3
20170726,0,7,1113,,,,,0.0,0.0,0.0,0.0,3
20170726,0,8,1377,,,,,0.0,0.0,0.0,0.0,3
20170726,0,9,1690,,,,,0.0,0.0,0.0,0.0,3
20170726,0,10,1957,,,,,0.0,0.0,0.0,0.0,3
20170726,0,11,1939,,,,,0.0,0.0,0.0,0.0,3
20170726,0,12,1871,,,,,0.0,0.0,0.0,0.0,3
20170726,0,14,1840,,,,,0.0,0.0,0.0,0.0,3
20170726,0,15,1717,,,,,0.0,0.0,0.0,0.0,3
20170726,0,16,1604,,,,,0.0,0.0,0.0,0.0,3
20170726,0,17,1553,,,,,0.0,0.0,0.0,0.0,3
20170726,0,18,1210,,,,,0.0,0.0,0.0,0.0,3
20170726,0,21,516,,,,,0.0,0.0,0.0,0.0,3
20170726,0,22,468,,,,,0.0,0.0,0.0,0.0,3
20170726,0,23,298,,,,,0.0,0.0,0.0,0.0,3
20170802,0,6,922,,,,,0.0,0.0,0.0,0.0,3
20170802,0,7,1259,,,,,0.0,0.0,0.0,0.0,3
20170802,0,8,1458,,,,,0.0,0.0,0.0,0.0,3
20170802,0,9,1898,,,,,0.0,0.0,0.0,0.0,3
20170802,0,10,2070,,,,,0.0,0.0,0.0,0.0,3
20170802,0,11,2119,,,,,0.0,0.0,0.0,0.0,3
20170802,0,12,1843,,,,,0.0,0.0,0.0,0.0,3
20170802,0,13,1826,,,,,0.0,0.0,0.0,0.0,3
20170802,0,14,1718,,,,,0.0,0.0,0.0,0.0,3
20170802,0,16,1552,,,,,0.0,0.0,0.0,0.0,3
20170802,0,17,1414,,,,,0.0,0.0,0.0,0.0,3
20170802,0,18,1204,,,,,0.0,0.0,0.0,0.0,3
20170802,0,21,658,,,,,0.0,0.0,0.0,0.0,3
20170802,0,22,455,,,,,0.0,0.0,0.0,0.0,3
20170802,0,23,459,,,,,0.0,0.0,0.0,0.0,3
20170809,0,6,850,,,,,0.0,0.0,0.0,0.0,3
20170809,0,7,1055,,,,,0.0,0.0,0.0,0.0,3
20170809,0,8,1324,,,,,0.0,0.0,0.0,0.0,3
20170809,0,9,1733,,,,,0.0,0.0,0.0,0.0,3
20170809,0,10,1960,,,,,0.0,0.0,0.0,0.0,3
20170809,0,12,1857,,,,,0.0,0.0,0.0,0.0,3
20170809,0,13,1677,,,,,0.0,0.0,0.0,0.0,3
20170809,0,14,1678,,,,,0.0,0.0,0.0,0.0,3
20170809,0,15,1770,,,,,0.0,0.0,0.0,0.0,3
20170809,0,16,1496,,,,,0.0,0.0,0.0,0.0,3
20170809,0,18,1221,,,,,0.0,0.0,0.0,0.0,3
20170809,0,21,629,,,,,0.0,0.0,0.0,0.0,3
20170809,0,22,521,,,,,0.0,0.0,0.0,0.0,3
20170809,0,23,369,,,,,0.0,0.0,0.0,0.0,3
20170816,0,6,842,,,,,0.0,0.0,0.0,0.0,3
20170816,0,7,1042,,,,,0.0,0.0,0.0,0.0,3
20170816,0,8,1241,,,,,0.0,0.0,0.0,0.0,3
20170816,0,10,1812,,,,,0.0,0.0,0.0,0.0,3
20170816,0,11,1807,,,,,0.0,0.0,0.0,0.0,3
20170816,0,12,1603,,,,,0.0,0.0,0.0,0.0,3
20170816,0,13,1527,,,,,0.0,0.0,0.0,0.0,3
20170816,0,14,1504,,,,,0.0,0.0,0.0,0.0,3
20170816,0,15,1614,,,,,0.0,0.0,0.0,0.0,3
20170816,0,16,1487,,,,,0.0,0.0,0.0,0.0,3
20170816,0,17,1264,,,,,0.0,0.0,0.0,0.0,3
20170816,0,18,1149,,,,,0.0,0.0,0.0,0.0,3
20170816,0,21,517,,,,,0.0,0.0,0.0,0.0,3
20170816,0,22,455,,,,,0.0,0.0,0.0,0.0,3
20170816,0,23,292,,,,,0.0,0.0,0.0,0.0,3
20170823,0,6,874,0.0,0.0,,0.0,0.0,0.0,0.0,0.0,3
20170823,0,7,972,0.0,0.0,,0.0,0.0,0.0,0.0,0.0,3
20170823,0,8,1303,0.0,0.0,,0.0,0.0,0.0,0.0,0.0,3
20170823,0,9,1734,0.0,0.0,,0.0,0.0,0.0,0.0,0.0,3
20170823,0,10,1793,0.0,0.0,,0.0,0.0,0.0,0.0,0.0,3
20170823,0,11,1640,0.0,0.0,,0.0,0.0,0.0,0.0,0.0,3
20170823,0,12,1529,0.0,0.0,,0.0,0.0,0.0,0.0,0.0,3
20170823,0,13,1446,0.0,0.0,,0.0,0.0,0.0,0.0,0.0,3
20170823,0,14,1490,0.0,0.0,,0.0,0.0,0.0,0.0,0.0,3
20170823,0,15,1468,0.0,0.0,,0.0,0.0,0.0,0.0,0.0,3
20170823,0,16,1321,0.0,0.0,,0.0,0.0,0.0,0.0,0.0,3
20170823,0,17,1293,0.0,0.0,,0.0,0.0,0.0,0.0,0.0,3
20170823,0,21,504,0.0,0.0,,0.0,0.0,0.0,0.0,0.0,3
20170823,0,22,410,0.0,0.0,,0.0,0.0,0.0,0.0,0.0,3
20170823,0,23,291,0.0,0.0,,0.0,0.0,0.0,0.0,0.0,3
20170830,0,6,786,0.0,0.0,,0.0,0.0,0.0,0.0,0.0,3
20170830,0,8,1300,0.0,0.0,,0.0,0.0,0.0,0.0,0.0,3
20170830,0,9,1590,0.0,0.0,,0.0,0.0,0.0,0.0,0.0,3
20170830,0,10,1703,0.0,0.0,,0.0,0.0,0.0,0.0,0.0,3
20170830,0,11,1613,0.0,0.0,,0.0,0.0,0.0,0.0,0.0,3
20170830,0,12,1475,0.0,0.0,,0.0,0.0,0.0,0.0,0.0,3
20170830,0,13,1504,0.0,0.0,,0.0,0.0,0.0,0.0,0.0,3
20170830,0,14,1377,0.0,0.0,,0.0,0.0,0.0,0.0,0.0,3
20170830,0,15,1367,0.0,0.0,,0.0,0.0,0.0,0.0,0.0,3
20170830,0,16,1385,0.0,0.0,,0.0,0.0,0.0,0.0,0.0,3
20170830,0,17,1212,0.0,0.0,,0.0,0.0,0.0,0.0,0.0,3
20170830,0,18,1045,0.0,0.0,,0.0,0.0,0.0,0.0,0.0,3
20170830,0,21,487,0.0,0.0,,0.0,0.0,0.0,0.0,0.0,3
20170830,0,22,363,0.0,0.0,,0.0,0.0,0.0,0.0,0.0,3
20170830,0,23,270,0.0,0.0,,0.0,0.0,0.0,0.0,0.0,3
20170906,0,6,802,0.0,0.0,,0.0,0.0,0.0,0.0,0.0,3
20170906,0,7,941,0.0,0.0,,0.0,0.0,0.0,0.0,0.0,3
20170906,0,8,1247,0.0,0.0,,0.0,0.0,0.0,0.0,0.0,3
20170906,0,9,1643,0.0,0.0,,0.0,0.0,0.0,0.0,0.0,3
20170906,0,10,1685,0.0,0.0,,0.0,0.0,0.0,0.0,0.0,3
20170906,0,11,1544,0.0,0.0,,0.0,0.0,0.0,0.0,0.0,3
20170906,0,12,1457,0.0,0.0,,0.0,0.0,0.0,0.0,0.0,3
20170906,0,13,1430,0.0,0.0,,0.0,0.0,0.0,0.0,0.0,3
20170906,0,14,1382,0.0,0.0,,0.0,0.0,0.0,0.0,0.0,3
20170906,0,15,1372,0.0,0.0,,0.0,0.0,0.0,0.0,0.0,3
20170906,0,16,1274,0.0,0.0,,0.0,0.0,0.0,0.0,0.0,3
20170906,0,17,1144,0.0,0.0,,0.0,0.0,0.0,0.0,0.0,3
20170906,0,21,418,0.0,0.0,,0.0,0.0,0.0,0.0,0.0,3
20170906,0,22,392,0.0,0.0,,0.0,0.0,0.0,0.0,0.0,3
20170906,0,23,292,0.0,0.0,,0.0,0.0,0.0,0.0,0.0,3
20170913,0,6,815,0.0,0.0,,0.0,0.0,0.0,0.0,0.0,3
20170913,0,7,1020,0.0,0.0,,0.0,0.0,0.0,0.0,0.0,3
20170913,0,8,1301,0.0,0.0,,0.0,0.0,0.0,0.0,0.0,3
20170913,0,9,1505,0.0,0.0,,0.0,0.0,0.0,0.0,0.0,3
20170913,0,10,1661,0.0,0.0,,0.0,0.0,0.0,0.0,0.0,3
20170913,0,11,1530,0.0,0.0,,0.0,0.0,0.0,0.0,0.0,3
20170913,0,12,1441,0.0,0.0,,0.0,0.0,0.0,0.0,0.0,3
20170913,0,13,1412,0.0,0.0,,0.0,0.0,0.0,0.0,0.0,3
20170913,0,14,1387,0.0,0.0,,0.0,0.0,0.0,0.0,0.0,3
20170913,0,15,918,0.0,0.0,,0.0,0.0,0.0,0.0,0.0,3
20170913,0,16,1397,0.0,0.0,,0.0,0.0,0.0,0.0,0.0,3
20170913,0,17,1401,0.0,0.0,,0.0,0.0,0.0,0.0,0.0,3
20170913,0,18,1156,0.0,0.0,,0.0,0.0,0.0,0.0,0.0,3
20170913,0,21,464,0.0,0.0,,0.0,0.0,0.0,0.0,0.0,3
20170913,0,22,321,0.0,0.0,,0.0,0.0,0.0,0.0,0.0,3
20170913,0,23,243,0.0,0.0,,0.0,0.0,0.0,0.0,0.0,3
20170920,0,6,781,0.0,0.0,,0.0,0.0,0.0,0.0,0.0,3
20170920,0,7,1046,0.0,0.0,,0.0,0.0,0.0,0.0,0.0,3
20170920,0,8,1389,0.0,0.0,,0.0,0.0,0.0,0.0,0.0,3
20170920,0,9,1702,0.0,0.0,,0.0,0.0,0.0,0.0,0.0,3
20170920,0,10,1926,0.0,0.0,,0.0,0.0,0.0,0.0,0.0,3
20170920,0,11,1801,0.0,0.0,,0.0,0.0,0.0,0.0,0.0,3
20170920,0,12,1608,0.0,0.0,,0.0,0.0,0.0,0.0,0.0,3
20170920,0,13,1504,0.0,0.0,,0.0,0.0,0.0,0.0,0.0,3
20170920,0,14,1525,0.0,0.0,,0.0,0.0,0.0,0.0,0.0,3
20170920,0,15,1529,0.0,0.0,,0.0,0.0,0.0,0.0,0.0,3
20170920,0,16,1366,0.0,0.0,,0.0,0.0,0.0,0.0,0.0,3
20170920,0,17,1234,0.0,0.0,,0.0,0.0,0.0,0.0,0.0,3
20170920,0,22,328,0.0,0.0,,0.0,0.0,0.0,0.0,0.0,3
20170920,0,23,283,0.0,0.0,,0.0,0.0,0.0,0.0,0.0,3
20171004,0,6,733,0.0,0.0,,0.0,0.0,0.0,0.0,0.0,3
20171004,0,7,1025,0.0,0.0,,0.0,0.0,0.0,0.0,0.0,3
20171004,0,8,1146,0.0,0.0,,0.0,0.0,0.0,0.0,0.0,3
20171004,0,9,1344,0.0,0.0,,0.0,0.0,0.0,0.0,0.0,3
20171004,0,10,1498,0.0,0.0,,0.0,0.0,0.0,0.0,0.0,3
20171004,0,11,1420,0.0,0.0,,0.0,0.0,0.0,0.0,0.0,3
20171004,0,12,1315,0.0,0.0,,0.0,0.0,0.0,0.0,0.0,3
20171004,0,13,1360,0.0,0.0,,0.0,0.0,0.0,0.0,0.0,3
20171004,0,14,1333,0.0,0.0,,0.0,0.0,0.0,0.0,0.0,3
20171004,0,15,1307,0.0,0.0,,0.0,0.0,0.0,0.0,0.0,3
20171004,0,16,1255,0.0,0.0,,0.0,0.0,0.0,0.0,0.0,3
20171004,0,17,1157,0.0,0.0,,0.0,0.0,0.0,0.0,0.0,3
20171004,0,21,361,0.0,0.0,,0.0,0.0,0.0,0.0,0.0,3
20171004,0,23,246,0.0,0.0,,0.0,0.0,0.0,0.0,0.0,3
20171011,0,6,829,0.0,0.0,,0.2000000000000018,0.0,0.0,0.0,0.0,3
20171011,0,7,1017,0.0,0.0,,0.2000000000000018,0.0,0.0,0.0,0.0,3
20171011,0,8,1182,0.0,0.0,,0.2000000000000018,0.0,0.0,0.0,0.0,3
20171011,0,9,1479,0.0,0.0,,0.2000000000000018,0.0,0.0,0.0,0.0,3
20171011,0,10,1593,0.0,0.0,,0.2000000000000018,0.0,0.0,0.0,0.0,3
20171011,0,11,1468,0.0,0.0,,0.2000000000000018,0.0,0.0,0.0,0.0,3
20171011,0,12,1336,0.0,0.0,,0.2000000000000018,0.0,0.0,0.0,0.0,3
20171011,0,13,1365,0.0,0.0,,0.2000000000000018,0.0,0.0,0.0,0.0,3
20171011,0,14,1302,0.0,0.0,,0.2000000000000018,0.0,0.0,0.0,0.0,3
20171011,0,15,1281,0.0,0.0,,0.2000000000000018,0.0,0.0,0.0,0.0,3
20171011,0,16,1258,0.0,0.0,,0.2000000000000018,0.0,0.0,0.0,0.0,3
20171011,0,17,1115,0.0,0.0,,0.2000000000000018,0.0,0.0,0.0,0.0,3
20171011,0,21,393,0.0,0.0,,0.2000000000000018,0.0,0.0,0.0,0.0,3
20171011,0,22,303,0.0,0.0,,0.2000000000000018,0.0,0.0,0.0,0.0,3
20171011,0,23,263,0.0,0.0,,0.2000000000000018,0.0,0.0,0.0,0.0,3
20171018,0,6,756,0.0,0.0,,0.0,0.0,0.0,0.0,0.0,3
20171018,0,7,1024,0.0,0.0,,0.0,0.0,0.0,0.0,0.0,3
20171018,0,8,1191,0.0,0.0,,0.0,0.0,0.0,0.0,0.0,3
20171018,0,9,1302,0.0,0.0,,0.0,0.0,0.0,0.0,0.0,3
20171018,0,10,1383,0.0,0.0,,0.0,0.0,0.0,0.0,0.0,3
20171018,0,11,1347,0.0,0.0,,0.0,0.0,0.0,0.0,0.0,3
20171018,0,12,1195,0.0,0.0,,0.0,0.0,0.0,0.0,0.0,3
20171018,0,13,1259,0.0,0.0,,0.0,0.0,0.0,0.0,0.0,3
20171018,0,14,1252,0.0,0.0,,0.0,0.0,0.0,0.0,0.0,3
20171018,0,15,1246,0.0,0.0,,0.0,0.0,0.0,0.0,0.0,3
20171018,0,16,1246,0.0,0.0,,0.0,0.0,0.0,0.0,0.0,3
20171018,0,17,1135,0.0,0.0,,0.0,0.0,0.0,0.0,0.0,3
20171018,0,21,403,0.0,0.0,,0.0,0.0,0.0,0.0,0.0,3
20171018,0,22,289,0.0,0.0,,0.0,0.0,0.0,0.0,0.0,3
20171018,0,23,202,0.0,0.0,,0.0,0.0,0.0,0.0,0.0,3
20171025,0,6,681,0.0,0.0,,1.1999999999999929,0.0,0.0,0.0,0.0,3
20171025,0,7,994,0.0,0.0,,1.1999999999999929,0.0,0.0,0.0,0.0,3
20171025,0,8,1217,0.0,0.0,,1.1999999999999929,0.0,0.0,0.0,0.0,3
20171025,0,9,1476,0.0,0.0,,1.1999999999999929,0.0,0.0,0.0,0.0,3
20171025,0,10,1394,0.0,0.0,,1.1999999999999929,0.0,0.0,0.0,0.0,3
20171025,0,11,1380,0.0,0.0,,1.1999999999999929,0.0,0.0,0.0,0.0,3
20171025,0,12,1257,0.0,0.0,,1.1999999999999929,0.0,0.0,0.0,0.0,3
20171025,0,13,1203,0.0,0.0,,1.1999999999999929,0.0,0.0,0.0,0.0,3
20171025,0,14,1194,0.0,0.0,,1.1999999999999929,0.0,0.0,0.0,0.0,3
20171025,0,15,1247,0.0,0.0,,1.1999999999999929,0.0,0.0,0.0,0.0,3
20171025,0,16,1176,0.0,0.0,,1.1999999999999929,0.0,0.0,0.0,0.0,3
20171025,0,17,1072,0.0,0.0,,1.1999999999999929,0.0,0.0,0.0,0.0,3
20171025,0,18,891,0.0,0.0,,1.1999999999999929,0.0,0.0,0.0,0.0,3
20171025,0,19,719,0.0,0.0,,1.1999999999999929,0.0,0.0,0.0,0.0,3
20171025,0,20,579,0.0,0.0,,1.1999999999999929,0.0,0.0,0.0,0.0,3
20171025,0,21,429,0.0,0.0,,1.1999999999999929,0.0,0.0,0.0,0.0,3
20171025,0,22,317,0.0,0.0,,1.1999999999999929,0.0,0.0,0.0,0.0,3
20171025,0,23,203,0.0,0.0,,1.1999999999999929,0.0,0.0,0.0,0.0,3
20171101,0,6,626,0.0,0.0,,2.200000000000002,0.0,0.0,0.0,0.0,3
20171101,0,7,899,0.0,0.0,,2.200000000000002,0.0,0.0,0.0,0.0,3
20171101,0,8,1069,0.0,0.0,,2.200000000000002,0.0,0.0,0.0,0.0,3
20171101,0,9,1261,0.0,0.0,,2.200000000000002,0.0,0.0,0.0,0.0,3
20171101,0,10,1189,0.0,0.0,,2.200000000000002,0.0,0.0,0.0,0.0,3
20171101,0,11,1191,0.0,0.0,,2.200000000000002,0.0,0.0,0.0,0.0,3
20171101,0,12,1095,0.0,0.0,,2.200000000000002,0.0,0.0,0.0,0.0,3
20171101,0,13,1029,0.0,0.0,,2.200000000000002,0.0,0.0,0.0,0.0,3
20171101,0,15,1116,0.0,0.0,,2.200000000000002,0.0,0.0,0.0,0.0,3
20171101,0,16,1057,0.0,0.0,,2.200000000000002,0.0,0.0,0.0,0.0,3
20171101,0,17,1061,0.0,0.0,,2.200000000000002,0.0,0.0,0.0,0.0,3
20171101,0,18,821,0.0,0.0,,2.200000000000002,0.0,0.0,0.0,0.0,3
20171101,0,19,657,0.0,0.0,,2.200000000000002,0.0,0.0,0.0,0.0,3
20171101,0,20,455,0.0,0.0,,2.200000000000002,0.0,0.0,0.0,0.0,3
20171101,0,21,370,0.0,0.0,,2.200000000000002,0.0,0.0,0.0,0.0,3
20171101,0,22,306,0.0,0.0,,2.200000000000002,0.0,0.0,0.0,0.0,3
20171101,0,23,213,0.0,0.0,,2.200000000000002,0.0,0.0,0.0,0.0,3
20171115,0,6,733,0.0,0.0,,0.0,0.0,0.0,0.0,0.0,3
20171115,0,7,1048,0.0,0.0,,0.0,0.0,0.0,0.0,0.0,3
20171115,0,8,1376,0.0,0.0,,0.0,0.0,0.0,0.0,0.0,3
20171115,0,9,1457,0.0,0.0,,0.0,0.0,0.0,0.0,0.0,3
20171115,0,10,1316,0.0,0.0,,0.0,0.0,0.0,0.0,0.0,3
20171115,0,11,1145,0.0,0.0,,0.0,0.0,0.0,0.0,0.0,3
20171115,0,12,1070,0.0,0.0,,0.0,0.0,0.0,0.0,0.0,3
20171115,0,13,1038,0.0,0.0,,0.0,0.0,0.0,0.0,0.0,3
20171115,0,14,1034,0.0,0.0,,0.0,0.0,0.0,0.0,0.0,3
20171115,0,15,1105,0.0,0.0,,0.0,0.0,0.0,0.0,0.0,3
20171115,0,16,1144,0.0,0.0,,0.0,0.0,0.0,0.0,0.0,3
20171115,0,21,348,0.0,0.0,,0.0,0.0,0.0,0.0,0.0,3
20171115,0,22,258,0.0,0.0,,0.0,0.0,0.0,0.0,0.0,3
20171115,0,23,212,0.0,0.0,,0.0,0.0,0.0,0.0,0.0,3
20171122,0,6,806,0.0,0.0,,1.8000000000000018,0.0,0.0,0.0,0.0,3
20171122,0,7,1617,0.0,0.0,,1.8000000000000018,0.0,0.0,0.0,0.0,3
20171122,0,8,2136,0.0,0.0,,1.8000000000000018,0.0,0.0,0.0,0.0,3
20171122,0,9,2295,0.0,0.0,,1.8000000000000018,0.0,0.0,0.0,0.0,3
20171122,0,11,2889,0.0,0.0,,1.8000000000000018,0.0,0.0,0.0,0.0,3
20171122,0,12,2739,0.0,0.0,,1.8000000000000018,0.0,0.0,0.0,0.0,3
20171122,0,13,2802,0.0,0.0,,1.8000000000000018,0.0,0.0,0.0,0.0,3
20171122,0,14,2828,0.0,0.0,,1.8000000000000018,0.0,0.0,0.0,0.0,3
20171122,0,15,2819,0.0,0.0,,1.8000000000000018,0.0,0.0,0.0,0.0,3
20171122,0,17,2148,0.0,0.0,,1.8000000000000018,0.0,0.0,0.0,0.0,3
20171122,0,18,1546,0.0,0.0,,1.8000000000000018,0.0,0.0,0.0,0.0,3
20171122,0,19,1344,0.0,0.0,,1.8000000000000018,0.0,0.0,0.0,0.0,3
20171122,0,20,939,0.0,0.0,,1.8000000000000018,0.0,0.0,0.0,0.0,3
20171122,0,22,511,0.0,0.0,,1.8000000000000018,0.0,0.0,0.0,0.0,3
20171122,0,23,355,0.0,0.0,,1.8000000000000018,0.0,0.0,0.0,0.0,3
20171129,0,6,647,0.0,0.0,,0.0,0.0,0.0,0.0,0.0,3
20171129,0,7,961,0.0,0.0,,0.0,0.0,0.0,0.0,0.0,3
20171129,0,8,1271,0.0,0.0,,0.0,0.0,0.0,0.0,0.0,3
20171129,0,9,1328,0.0,0.0,,0.0,0.0,0.0,0.0,0.0,3
20171129,0,10,1189,0.0,0.0,,0.0,0.0,0.0,0.0,0.0,3
20171129,0,11,1126,0.0,0.0,,0.0,0.0,0.0,0.0,0.0,3
20171129,0,12,1027,0.0,0.0,,0.0,0.0,0.0,0.0,0.0,3
20171129,0,13,991,0.0,0.0,,0.0,0.0,0.0,0.0,0.0,3
20171129,0,14,982,0.0,0.0,,0.0,0.0,0.0,0.0,0.0,3
20171129,0,15,1029,0.0,0.0,,0.0,0.0,0.0,0.0,0.0,3
20171129,0,16,1085,0.0,0.0,,0.0,0.0,0.0,0.0,0.0,3
20171129,0,21,351,0.0,0.0,,0.0,0.0,0.0,0.0,0.0,3
20171129,0,22,274,0.0,0.0,,0.0,0.0,0.0,0.0,0.0,3
20171129,0,23,185,0.0,0.0,,0.0,0.0,0.0,0.0,0.0,3
20171206,0,6,615,0.0,0.0,,0.3000000000000017,0.0,0.0,0.0,0.0,3
20171206,0,7,1031,0.0,0.0,,0.3000000000000017,0.0,0.0,0.0,0.0,3
20171206,0,8,1201,0.0,0.0,,0.3000000000000017,0.0,0.0,0.0,0.0,3
20171206,0,9,1284,0.0,0.0,,0.3000000000000017,0.0,0.0,0.0,0.0,3
20171206,0,10,1243,0.0,0.0,,0.3000000000000017,0.0,0.0,0.0,0.0,3
20171206,0,11,1165,0.0,0.0,,0.3000000000000017,0.0,0.0,0.0,0.0,3
20171206,0,12,1021,0.0,0.0,,0.3000000000000017,0.0,0.0,0.0,0.0,3
20171206,0,13,1084,0.0,0.0,,0.3000000000000017,0.0,0.0,0.0,0.0,3
20171206,0,14,1144,0.0,0.0,,0.3000000000000017,0.0,0.0,0.0,0.0,3
20171206,0,15,1118,0.0,0.0,,0.3000000000000017,0.0,0.0,0.0,0.0,3
20171206,0,17,999,0.0,0.0,,0.3000000000000017,0.0,0.0,0.0,0.0,3
20171206,0,21,337,0.0,0.0,,0.3000000000000017,0.0,0.0,0.0,0.0,3
20171206,0,22,316,0.0,0.0,,0.3000000000000017,0.0,0.0,0.0,0.0,3
20171206,0,23,199,0.0,0.0,,0.3000000000000017,0.0,0.0,0.0,0.0,3
20171213,0,6,609,0.0,0.0,,2.600000000000002,0.0,0.0,0.0,0.0,3
20171213,0,7,1049,0.0,0.0,,2.600000000000002,0.0,0.0,0.0,0.0,3
20171213,0,8,1480,0.0,0.0,,2.600000000000002,0.0,0.0,0.0,0.0,3
20171213,0,9,1517,0.0,0.0,,2.600000000000002,0.0,0.0,0.0,0.0,3
20171213,0,10,1348,0.0,0.0,,2.600000000000002,0.0,0.0,0.0,0.0,3
20171213,0,11,1169,0.0,0.0,,2.600000000000002,0.0,0.0,0.0,0.0,3
20171213,0,12,1137,0.0,0.0,,2.600000000000002,0.0,0.0,0.0,0.0,3
20171213,0,13,1135,0.0,0.0,,2.600000000000002,0.0,0.0,0.0,0.0,3
20171213,0,14,1276,0.0,0.0,,2.600000000000002,0.0,0.0,0.0,0.0,3
20171213,0,15,1305,0.0,0.0,,2.600000000000002,0.0,0.0,0.0,0.0,3
20171213,0,16,1300,0.0,0.0,,2.600000000000002,0.0,0.0,0.0,0.0,3
20171213,0,17,1121,0.0,0.0,,2.600000000000002,0.0,0.0,0.0,0.0,3
20171213,0,18,857,0.0,0.0,,2.600000000000002,0.0,0.0,0.0,0.0,3
20171213,0,19,687,0.0,0.0,,2.600000000000002,0.0,0.0,0.0,0.0,3
20171213,0,20,562,0.0,0.0,,2.600000000000002,0.0,0.0,0.0,0.0,3
20171213,0,21,472,0.0,0.0,,2.600000000000002,0.0,0.0,0.0,0.0,3
20171213,0,22,354,0.0,0.0,,2.600000000000002,0.0,0.0,0.0,0.0,3
20171213,0,23,269,0.0,0.0,,2.600000000000002,0.0,0.0,0.0,0.0,3
20171220,0,6,803,0.0,0.0,1.5,2.099999999999993,0.0,0.0,0.0,0.0,3
20171220,0,7,1442,0.0,0.0,1.5,2.099999999999993,0.0,0.0,0.0,0.0,3
20171220,0,8,1871,0.0,0.0,1.5,2.099999999999993,0.0,0.0,0.0,0.0,3
20171220,0,9,1832,0.0,0.0,1.5,2.099999999999993,0.0,0.0,0.0,0.0,3
20171220,0,10,1818,0.0,0.0,1.5,2.099999999999993,0.0,0.0,0.0,0.0,3
20171220,0,11,1735,0.0,0.0,1.5,2.099999999999993,0.0,0.0,0.0,0.0,3
20171220,0,12,1674,0.0,0.0,1.5,2.099999999999993,0.0,0.0,0.0,0.0,3
20171220,0,13,1597,0.0,0.0,1.5,2.099999999999993,0.0,0.0,0.0,0.0,3
20171220,0,14,1848,0.0,0.0,1.5,2.099999999999993,0.0,0.0,0.0,0.0,3
20171220,0,15,1714,0.0,0.0,1.5,2.099999999999993,0.0,0.0,0.0,0.0,3
20171220,0,16,1730,0.0,0.0,1.5,2.099999999999993,0.0,0.0,0.0,0.0,3
20171220,0,19,1103,0.0,0.0,1.5,2.099999999999993,0.0,0.0,0.0,0.0,3
20171220,0,20,863,0.0,0.0,1.5,2.099999999999993,0.0,0.0,0.0,0.0,3
20171220,0,21,626,0.0,0.0,1.5,2.099999999999993,0.0,0.0,0.0,0.0,3
20171220,0,22,563,0.0,0.0,1.5,2.099999999999993,0.0,0.0,0.0,0.0,3
20171220,0,23,335,0.0,0.0,1.5,2.099999999999993,0.0,0.0,0.0,0.0,3
20180103,0,7,1929,0.0,0.0,,0.0,0.0,0.0,0.0,0.0,3
20180103,0,8,2707,0.0,0.0,,0.0,0.0,0.0,0.0,0.0,3
20180103,0,9,2433,0.0,0.0,,0.0,0.0,0.0,0.0,0.0,3
20180103,0,10,2211,0.0,0.0,,0.0,0.0,0.0,0.0,0.0,3
20180103,0,11,1959,0.0,0.0,,0.0,0.0,0.0,0.0,0.0,3
20180103,0,12,1714,0.0,0.0,,0.0,0.0,0.0,0.0,0.0,3
20180103,0,13,1631,0.0,0.0,,0.0,0.0,0.0,0.0,0.0,3
20180103,0,14,1655,0.0,0.0,,0.0,0.0,0.0,0.0,0.0,3
20180103,0,15,1593,0.0,0.0,,0.0,0.0,0.0,0.0,0.0,3
20180103,0,16,1448,0.0,0.0,,0.0,0.0,0.0,0.0,0.0,3
20180103,0,18,982,0.0,0.0,,0.0,0.0,0.0,0.0,0.0,3
20180103,0,19,734,0.0,0.0,,0.0,0.0,0.0,0.0,0.0,3
20180103,0,20,597,0.0,0.0,,0.0,0.0,0.0,0.0,0.0,3
20180103,0,21,477,0.0,0.0,,0.0,0.0,0.0,0.0,0.0,3
20180103,0,22,343,0.0,0.0,,0.0,0.0,0.0,0.0,0.0,3
20180110,0,7,1275,0.0,0.0,5.0,3.599999999999993,0.0,0.0,0.0,0.0,3
20180110,0,9,1554,0.0,0.0,5.0,3.599999999999993,0.0,0.0,0.0,0.0,3
20180110,0,10,1305,0.0,0.0,5.0,3.599999999999993,0.0,0.0,0.0,0.0,3
20180110,0,11,1181,0.0,0.0,5.0,3.599999999999993,0.0,0.0,0.0,0.0,3
20180110,0,12,1116,0.0,0.0,5.0,3.599999999999993,0.0,0.0,0.0,0.0,3
20180110,0,14,1076,0.0,0.0,5.0,3.599999999999993,0.0,0.0,0.0,0.0,3
20180110,0,15,1163,0.0,0.0,5.0,3.599999999999993,0.0,0.0,0.0,0.0,3
20180110,0,17,945,0.0,0.0,5.0,3.599999999999993,0.0,0.0,0.0,0.0,3
20180110,0,18,722,0.0,0.0,5.0,3.599999999999993,0.0,0.0,0.0,0.0,3
20180110,0,19,606,0.0,0.0,5.0,3.599999999999993,0.0,0.0,0.0,0.0,3
20180110,0,20,488,0.0,0.0,5.0,3.599999999999993,0.0,0.0,0.0,0.0,3
20180110,0,21,385,0.0,0.0,5.0,3.599999999999993,0.0,0.0,0.0,0.0,3
20180110,0,22,350,0.0,0.0,5.0,3.599999999999993,0.0,0.0,0.0,0.0,3
20180110,0,23,253,0.0,0.0,5.0,3.599999999999993,0.0,0.0,0.0,0.0,3
20180117,0,7,1253,0.0,0.0,,2.4000000000000017,0.0,0.0,0.0,0.0,3
20180117,0,8,1727,0.0,0.0,,2.4000000000000017,0.0,0.0,0.0,0.0,3
20180117,0,9,2011,0.0,0.0,,2.4000000000000017,0.0,0.0,0.0,0.0,3
20180117,0,10,1384,0.0,0.0,,2.4000000000000017,0.0,0.0,0.0,0.0,3
20180117,0,11,1260,0.0,0.0,,2.4000000000000017,0.0,0.0,0.0,0.0,3
20180117,0,12,1094,0.0,0.0,,2.4000000000000017,0.0,0.0,0.0,0.0,3
20180117,0,13,1105,0.0,0.0,,2.4000000000000017,0.0,0.0,0.0,0.0,3
20180117,0,14,1118,0.0,0.0,,2.4000000000000017,0.0,0.0,0.0,0.0,3
20180117,0,15,1144,0.0,0.0,,2.4000000000000017,0.0,0.0,0.0,0.0,3
20180117,0,16,1168,0.0,0.0,,2.4000000000000017,0.0,0.0,0.0,0.0,3
20180117,0,17,1073,0.0,0.0,,2.4000000000000017,0.0,0.0,0.0,0.0,3
20180117,0,18,952,0.0,0.0,,2.4000000000000017,0.0,0.0,0.0,0.0,3
20180117,0,19,680,0.0,0.0,,2.4000000000000017,0.0,0.0,0.0,0.0,3
20180117,0,20,552,0.0,0.0,,2.4000000000000017,0.0,0.0,0.0,0.0,3
20180117,0,21,432,0.0,0.0,,2.4000000000000017,0.0,0.0,0.0,0.0,3
20180117,0,22,363,0.0,0.0,,2.4000000000000017,0.0,0.0,0.0,0.0,3
20180117,0,23,247,0.0,0.0,,2.4000000000000017,0.0,0.0,0.0,0.0,3
20180131,0,7,1279,0.0,0.0,,1.100000000000002,0.0,0.0,0.0,0.0,3
20180131,0,9,1509,0.0,0.0,,1.100000000000002,0.0,0.0,0.0,0.0,3
20180131,0,10,1310,0.0,0.0,,1.100000000000002,0.0,0.0,0.0,0.0,3
20180131,0,11,1211,0.0,0.0,,1.100000000000002,0.0,0.0,0.0,0.0,3
20180131,0,12,1190,0.0,0.0,,1.100000000000002,0.0,0.0,0.0,0.0,3
20180131,0,13,1177,0.0,0.0,,1.100000000000002,0.0,0.0,0.0,0.0,3
20180131,0,14,1266,0.0,0.0,,1.100000000000002,0.0,0.0,0.0,0.0,3
20180131,0,15,1305,0.0,0.0,,1.100000000000002,0.0,0.0,0.0,0.0,3
20180131,0,16,1375,0.0,0.0,,1.100000000000002,0.0,0.0,0.0,0.0,3
20180131,0,17,1008,0.0,0.0,,1.100000000000002,0.0,0.0,0.0,0.0,3
20180131,0,18,1004,0.0,0.0,,1.100000000000002,0.0,0.0,0.0,0.0,3
20180131,0,19,822,0.0,0.0,,1.100000000000002,0.0,0.0,0.0,0.0,3
20180131,0,20,566,0.0,0.0,,1.100000000000002,0.0,0.0,0.0,0.0,3
20180131,0,21,428,0.0,0.0,,1.100000000000002,0.0,0.0,0.0,0.0,3
20180131,0,22,342,0.0,0.0,,1.100000000000002,0.0,0.0,0.0,0.0,3
20180131,0,23,259,0.0,0.0,,1.100000000000002,0.0,0.0,0.0,0.0,3
20180307,0,7,1467,0.0,0.0,,0.5000000000000018,0.0,0.0,0.0,0.0,3
20180307,0,8,2059,0.0,0.0,,0.5000000000000018,0.0,0.0,0.0,0.0,3
20180307,0,9,2209,0.0,0.0,,0.5000000000000018,0.0,0.0,0.0,0.0,3
20180307,0,10,1730,0.0,0.0,,0.5000000000000018,0.0,0.0,0.0,0.0,3
20180307,0,11,1408,0.0,0.0,,0.5000000000000018,0.0,0.0,0.0,0.0,3
20180307,0,12,1330,0.0,0.0,,0.5000000000000018,0.0,0.0,0.0,0.0,3
20180307,0,13,1301,0.0,0.0,,0.5000000000000018,0.0,0.0,0.0,0.0,3
20180307,0,14,1383,0.0,0.0,,0.5000000000000018,0.0,0.0,0.0,0.0,3
20180307,0,15,1421,0.0,0.0,,0.5000000000000018,0.0,0.0,0.0,0.0,3
20180307,0,16,1250,0.0,0.0,,0.5000000000000018,0.0,0.0,0.0,0.0,3
20180307,0,17,1352,0.0,0.0,,0.5000000000000018,0.0,0.0,0.0,0.0,3
20180307,0,18,957,0.0,0.0,,0.5000000000000018,0.0,0.0,0.0,0.0,3
20180307,0,19,873,0.0,0.0,,0.5000000000000018,0.0,0.0,0.0,0.0,3
20180307,0,20,643,0.0,0.0,,0.5000000000000018,0.0,0.0,0.0,0.0,3
20180307,0,21,532,0.0,0.0,,0.5000000000000018,0.0,0.0,0.0,0.0,3
20180307,0,22,341,0.0,0.0,,0.5000000000000018,0.0,0.0,0.0,0.0,3
20180314,0,7,1543,0.0,0.0,,0.1000000000000017,0.0,0.0,0.0,0.0,3
20180314,0,8,2154,0.0,0.0,,0.1000000000000017,0.0,0.0,0.0,0.0,3
20180314,0,9,2269,0.0,0.0,,0.1000000000000017,0.0,0.0,0.0,0.0,3
20180314,0,10,1833,0.0,0.0,,0.1000000000000017,0.0,0.0,0.0,0.0,3
20180314,0,11,1666,0.0,0.0,,0.1000000000000017,0.0,0.0,0.0,0.0,3
20180314,0,12,1419,0.0,0.0,,0.1000000000000017,0.0,0.0,0.0,0.0,3
20180314,0,13,1504,0.0,0.0,,0.1000000000000017,0.0,0.0,0.0,0.0,3
20180314,0,14,1489,0.0,0.0,,0.1000000000000017,0.0,0.0,0.0,0.0,3
20180314,0,15,1481,0.0,0.0,,0.1000000000000017,0.0,0.0,0.0,0.0,3
20180314,0,16,1445,0.0,0.0,,0.1000000000000017,0.0,0.0,0.0,0.0,3
20180314,0,18,1082,0.0,0.0,,0.1000000000000017,0.0,0.0,0.0,0.0,3
20180314,0,19,859,0.0,0.0,,0.1000000000000017,0.0,0.0,0.0,0.0,3
20180314,0,20,742,0.0,0.0,,0.1000000000000017,0.0,0.0,0.0,0.0,3
20180314,0,21,559,0.0,0.0,,0.1000000000000017,0.0,0.0,0.0,0.0,3
20180314,0,22,397,0.0,0.0,,0.1000000000000017,0.0,0.0,0.0,0.0,3
20180404,0,7,1197,0.0,0.0,,0.7000000000000017,0.0,0.0,0.0,0.0,3
20180404,0,8,1598,0.0,0.0,,0.7000000000000017,0.0,0.0,0.0,0.0,3
20180404,0,9,1708,0.0,0.0,,0.7000000000000017,0.0,0.0,0.0,0.0,3
20180404,0,10,1421,0.0,0.0,,0.7000000000000017,0.0,0.0,0.0,0.0,3
20180404,0,11,1291,0.0,0.0,,0.7000000000000017,0.0,0.0,0.0,0.0,3
20180404,0,12,1171,0.0,0.0,,0.7000000000000017,0.0,0.0,0.0,0.0,3
20180404,0,13,1145,0.0,0.0,,0.7000000000000017,0.0,0.0,0.0,0.0,3
20180404,0,14,1186,0.0,0.0,,0.7000000000000017,0.0,0.0,0.0,0.0,3
20180404,0,16,1184,0.0,0.0,,0.7000000000000017,0.0,0.0,0.0,0.0,3
20180404,0,17,1151,0.0,0.0,,0.7000000000000017,0.0,0.0,0.0,0.0,3
20180404,0,18,935,0.0,0.0,,0.7000000000000017,0.0,0.0,0.0,0.0,3
20180404,0,19,725,0.0,0.0,,0.7000000000000017,0.0,0.0,0.0,0.0,3
20180404,0,20,620,0.0,0.0,,0.7000000000000017,0.0,0.0,0.0,0.0,3
20180404,0,21,423,0.0,0.0,,0.7000000000000017,0.0,0.0,0.0,0.0,3
20180404,0,22,289,0.0,0.0,,0.7000000000000017,0.0,0.0,0.0,0.0,3
20180411,0,7,1076,0.0,0.0,,1.6000000000000016,0.0,0.0,0.0,0.0,3
20180411,0,8,1454,0.0,0.0,,1.6000000000000016,0.0,0.0,0.0,0.0,3
20180411,0,9,1538,0.0,0.0,,1.6000000000000016,0.0,0.0,0.0,0.0,3
20180411,0,10,1242,0.0,0.0,,1.6000000000000016,0.0,0.0,0.0,0.0,3
20180411,0,11,1190,0.0,0.0,,1.6000000000000016,0.0,0.0,0.0,0.0,3
20180411,0,12,1011,0.0,0.0,,1.6000000000000016,0.0,0.0,0.0,0.0,3
20180411,0,13,1041,0.0,0.0,,1.6000000000000016,0.0,0.0,0.0,0.0,3
20180411,0,14,1047,0.0,0.0,,1.6000000000000016,0.0,0.0,0.0,0.0,3
20180411,0,15,1124,0.0,0.0,,1.6000000000000016,0.0,0.0,0.0,0.0,3
20180411,0,16,1147,0.0,0.0,,1.6000000000000016,0.0,0.0,0.0,0.0,3
20180411,0,17,1059,0.0,0.0,,1.6000000000000016,0.0,0.0,0.0,0.0,3
20180411,0,18,944,0.0,0.0,,1.6000000000000016,0.0,0.0,0.0,0.0,3
20180411,0,19,754,0.0,0.0,,1.6000000000000016,0.0,0.0,0.0,0.0,3
20180411,0,20,558,0.0,0.0,,1.6000000000000016,0.0,0.0,0.0,0.0,3
20180411,0,21,458,0.0,0.0,,1.6000000000000016,0.0,0.0,0.0,0.0,3
20180411,0,22,310,0.0,0.0,,1.6000000000000016,0.0,0.0,0.0,0.0,3
20180411,0,23,215,0.0,0.0,,1.6000000000000016,0.0,0.0,0.0,0.0,3
20180418,0,7,1000,0.0,0.3,,0.9000000000000015,0.0,0.0,0.0,0.0,3
20180418,0,8,1440,0.0,0.3,,0.9000000000000015,0.0,0.0,0.0,0.0,3
20180418,0,9,1472,0.0,0.3,,0.9000000000000015,0.0,0.0,0.0,0.0,3
20180418,0,10,1336,0.0,0.3,,0.9000000000000015,0.0,0.0,0.0,0.0,3
20180418,0,11,1118,0.0,0.3,,0.9000000000000015,0.0,0.0,0.0,0.0,3
20180418,0,12,1037,0.0,0.3,,0.9000000000000015,0.0,0.0,0.0,0.0,3
20180418,0,13,923,0.0,0.3,,0.9000000000000015,0.0,0.0,0.0,0.0,3
20180418,0,15,1090,0.0,0.3,,0.9000000000000015,0.0,0.0,0.0,0.0,3
20180418,0,16,1094,0.0,0.3,,0.9000000000000015,0.0,0.0,0.0,0.0,3
20180418,0,17,1021,0.0,0.3,,0.9000000000000015,0.0,0.0,0.0,0.0,3
20180418,0,18,880,0.0,0.3,,0.9000000000000015,0.0,0.0,0.0,0.0,3
20180418,0,19,712,0.0,0.3,,0.9000000000000015,0.0,0.0,0.0,0.0,3
20180418,0,20,497,0.0,0.3,,0.9000000000000015,0.0,0.0,0.0,0.0,3
20180418,0,21,466,0.0,0.3,,0.9000000000000015,0.0,0.0,0.0,0.0,3
20180418,0,22,328,0.0,0.3,,0.9000000000000015,0.0,0.0,0.0,0.0,3
20180418,0,23,287,0.0,0.3,,0.9000000000000015,0.0,0.0,0.0,0.0,3
20180425,0,8,1394,0.0,0.0,,0.8000000000000016,0.0,0.0,0.0,0.0,3
20180425,0,9,1471,0.0,0.0,,0.8000000000000016,0.0,0.0,0.0,0.0,3
20180425,0,10,1334,0.0,0.0,,0.8000000000000016,0.0,0.0,0.0,0.0,3
20180425,0,11,1187,0.0,0.0,,0.8000000000000016,0.0,0.0,0.0,0.0,3
20180425,0,12,1022,0.0,0.0,,0.8000000000000016,0.0,0.0,0.0,0.0,3
20180425,0,13,1009,0.0,0.0,,0.8000000000000016,0.0,0.0,0.0,0.0,3
20180425,0,14,1030,0.0,0.0,,0.8000000000000016,0.0,0.0,0.0,0.0,3
20180425,0,15,1029,0.0,0.0,,0.8000000000000016,0.0,0.0,0.0,0.0,3
20180425,0,16,1082,0.0,0.0,,0.8000000000000016,0.0,0.0,0.0,0.0,3
20180425,0,17,1086,0.0,0.0,,0.8000000000000016,0.0,0.0,0.0,0.0,3
20180425,0,18,875,0.0,0.0,,0.8000000000000016,0.0,0.0,0.0,0.0,3
20180425,0,19,698,0.0,0.0,,0.8000000000000016,0.0,0.0,0.0,0.0,3
20180425,0,20,564,0.0,0.0,,0.8000000000000016,0.0,0.0,0.0,0.0,3
20180425,0,21,454,0.0,0.0,,0.8000000000000016,0.0,0.0,0.0,0.0,3
20180425,0,22,334,0.0,0.0,,0.8000000000000016,0.0,0.0,0.0,0.0,3
20180502,0,8,969,0.0,0.0,,0.0,0.0,0.0,0.0,0.0,3
20180502,0,10,1091,0.0,0.0,,0.0,0.0,0.0,0.0,0.0,3
20180502,0,11,989,0.0,0.0,,0.0,0.0,0.0,0.0,0.0,3
20180502,0,12,938,0.0,0.0,,0.0,0.0,0.0,0.0,0.0,3
20180502,0,13,950,0.0,0.0,,0.0,0.0,0.0,0.0,0.0,3
20180502,0,14,976,0.0,0.0,,0.0,0.0,0.0,0.0,0.0,3
20180502,0,15,1013,0.0,0.0,,0.0,0.0,0.0,0.0,0.0,3
20180502,0,16,1000,0.0,0.0,,0.0,0.0,0.0,0.0,0.0,3
20180502,0,17,919,0.0,0.0,,0.0,0.0,0.0,0.0,0.0,3
20180502,0,18,702,0.0,0.0,,0.0,0.0,0.0,0.0,0.0,3
20180502,0,19,657,0.0,0.0,,0.0,0.0,0.0,0.0,0.0,3
20180502,0,20,429,0.0,0.0,,0.0,0.0,0.0,0.0,0.0,3
20180502,0,21,341,0.0,0.0,,0.0,0.0,0.0,0.0,0.0,3
20180502,0,22,257,0.0,0.0,,0.0,0.0,0.0,0.0,0.0,3
20180509,0,7,881,0.0,0.0,,0.0,0.0,0.0,0.0,0.0,3
20180509,0,8,1174,0.0,0.0,,0.0,0.0,0.0,0.0,0.0,3
20180509,0,9,1309,0.0,0.0,,0.0,0.0,0.0,0.0,0.0,3
20180509,0,10,1251,0.0,0.0,,0.0,0.0,0.0,0.0,0.0,3
20180509,0,11,1190,0.0,0.0,,0.0,0.0,0.0,0.0,0.0,3
20180509,0,12,1138,0.0,0.0,,0.0,0.0,0.0,0.0,0.0,3
20180509,0,13,1128,0.0,0.0,,0.0,0.0,0.0,0.0,0.0,3
20180509,0,14,1142,0.0,0.0,,0.0,0.0,0.0,0.0,0.0,3
20180509,0,15,1192,0.0,0.0,,0.0,0.0,0.0,0.0,0.0,3
20180509,0,16,1182,0.0,0.0,,0.0,0.0,0.0,0.0,0.0,3
20180509,0,17,1108,0.0,0.0,,0.0,0.0,0.0,0.0,0.0,3
20180509,0,18,932,0.0,0.0,,0.0,0.0,0.0,0.0,0.0,3
20180509,0,19,691,0.0,0.0,,0.0,0.0,0.0,0.0,0.0,3
20180509,0,20,537,0.0,0.0,,0.0,0.0,0.0,0.0,0.0,3
20180509,0,21,411,0.0,0.0,,0.0,0.0,0.0,0.0,0.0,3
20180509,0,22,290,0.0,0.0,,0.0,0.0,0.0,0.0,0.0,3
20180516,0,7,1065,0.0,0.0,,0.0,0.0,0.0,0.0,0.0,3
20180516,0,8,1189,0.0,0.0,,0.0,0.0,0.0,0.0,0.0,3
20180516,0,9,1403,0.0,0.0,,0.0,0.0,0.0,0.0,0.0,3
20180516,0,10,1523,0.0,0.0,,0.0,0.0,0.0,0.0,0.0,3
20180516,0,11,1367,0.0,0.0,,0.0,0.0,0.0,0.0,0.0,3
20180516,0,12,1168,0.0,0.0,,0.0,0.0,0.0,0.0,0.0,3
20180516,0,13,1248,0.0,0.0,,0.0,0.0,0.0,0.0,0.0,3
20180516,0,14,1268,0.0,0.0,,0.0,0.0,0.0,0.0,0.0,3
20180516,0,15,1289,0.0,0.0,,0.0,0.0,0.0,0.0,0.0,3
20180516,0,16,1259,0.0,0.0,,0.0,0.0,0.0,0.0,0.0,3
20180516,0,17,1124,0.0,0.0,,0.0,0.0,0.0,0.0,0.0,3
20180516,0,18,960,0.0,0.0,,0.0,0.0,0.0,0.0,0.0,3
20180516,0,19,713,0.0,0.0,,0.0,0.0,0.0,0.0,0.0,3
20180516,0,20,649,0.0,0.0,,0.0,0.0,0.0,0.0,0.0,3
20180516,0,21,394,0.0,0.0,,0.0,0.0,0.0,0.0,0.0,3
20180516,0,22,455,0.0,0.0,,0.0,0.0,0.0,0.0,0.0,3
20180523,0,7,944,,,,,0.0,0.0,0.0,0.0,3
20180523,0,8,1169,,,,,0.0,0.0,0.0,0.0,3
20180523,0,9,1365,,,,,0.0,0.0,0.0,0.0,3
20180523,0,10,1342,,,,,0.0,0.0,0.0,0.0,3
20180523,0,11,1238,,,,,0.0,0.0,0.0,0.0,3
20180523,0,12,1086,,,,,0.0,0.0,0.0,0.0,3
20180523,0,13,1131,,,,,0.0,0.0,0.0,0.0,3
20180523,0,14,1218,,,,,0.0,0.0,0.0,0.0,3
20180523,0,15,1446,,,,,0.0,0.0,0.0,0.0,3
20180523,0,16,1279,,,,,0.0,0.0,0.0,0.0,3
20180523,0,17,1091,,,,,0.0,0.0,0.0,0.0,3
20180523,0,18,960,,,,,0.0,0.0,0.0,0.0,3
20180523,0,19,813,,,,,0.0,0.0,0.0,0.0,3
20180523,0,20,669,,,,,0.0,0.0,0.0,0.0,3
20180523,0,21,493,,,,,0.0,0.0,0.0,0.0,3
20180523,0,22,325,,,,,0.0,0.0,0.0,0.0,3
20180606,0,7,1006,0.0,0.0,,0.0,0.0,0.0,0.0,0.0,3
20180606,0,8,1216,0.0,0.0,,0.0,0.0,0.0,0.0,0.0,3
20180606,0,10,1680,0.0,0.0,,0.0,0.0,0.0,0.0,0.0,3
20180606,0,11,1694,0.0,0.0,,0.0,0.0,0.0,0.0,0.0,3
20180606,0,12,1556,0.0,0.0,,0.0,0.0,0.0,0.0,0.0,3
20180606,0,13,1616,0.0,0.0,,0.0,0.0,0.0,0.0,0.0,3
20180606,0,14,1566,0.0,0.0,,0.0,0.0,0.0,0.0,0.0,3
20180606,0,15,1557,0.0,0.0,,0.0,0.0,0.0,0.0,0.0,3
20180606,0,16,1472,0.0,0.0,,0.0,0.0,0.0,0.0,0.0,3
20180606,0,17,1225,0.0,0.0,,0.0,0.0,0.0,0.0,0.0,3
20180606,0,18,1068,0.0,0.0,,0.0,0.0,0.0,0.0,0.0,3
20180606,0,19,826,0.0,0.0,,0.0,0.0,0.0,0.0,0.0,3
20180606,0,20,565,0.0,0.0,,0.0,0.0,0.0,0.0,0.0,3
20180606,0,21,468,0.0,0.0,,0.0,0.0,0.0,0.0,0.0,3
20180606,0,22,322,0.0,0.0,,0.0,0.0,0.0,0.0,0.0,3
20180613,0,7,1166,0.0,0.0,,0.0,0.0,0.0,0.0,0.0,3
20180613,0,8,1333,0.0,0.0,,0.0,0.0,0.0,0.0,0.0,3
20180613,0,9,1740,0.0,0.0,,0.0,0.0,0.0,0.0,0.0,3
20180613,0,10,1839,0.0,0.0,,0.0,0.0,0.0,0.0,0.0,3
20180613,0,11,1810,0.0,0.0,,0.0,0.0,0.0,0.0,0.0,3
20180613,0,12,1604,0.0,0.0,,0.0,0.0,0.0,0.0,0.0,3
20180613,0,13,1671,0.0,0.0,,0.0,0.0,0.0,0.0,0.0,3
20180613,0,14,1585,0.0,0.0,,0.0,0.0,0.0,0.0,0.0,3
20180613,0,15,1507,0.0,0.0,,0.0,0.0,0.0,0.0,0.0,3
20180613,0,17,1278,0.0,0.0,,0.0,0.0,0.0,0.0,0.0,3
20180613,0,18,1133,0.0,0.0,,0.0,0.0,0.0,0.0,0.0,3
20180613,0,20,708,0.0,0.0,,0.0,0.0,0.0,0.0,0.0,3
20180613,0,21,500,0.0,0.0,,0.0,0.0,0.0,0.0,0.0,3
20180613,0,22,402,0.0,0.0,,0.0,0.0,0.0,0.0,0.0,3
20180620,0,7,1132,0.0,0.0,,0.0,0.0,0.0,0.0,0.0,3
20180620,0,8,1495,0.0,0.0,,0.0,0.0,0.0,0.0,0.0,3
20180620,0,11,1850,0.0,0.0,,0.0,0.0,0.0,0.0,0.0,3
20180620,0,12,1648,0.0,0.0,,0.0,0.0,0.0,0.0,0.0,3
20180620,0,13,1658,0.0,0.0,,0.0,0.0,0.0,0.0,0.0,3
20180620,0,14,1640,0.0,0.0,,0.0,0.0,0.0,0.0,0.0,3
20180620,0,15,1683,0.0,0.0,,0.0,0.0,0.0,0.0,0.0,3
20180620,0,16,1529,0.0,0.0,,0.0,0.0,0.0,0.0,0.0,3
20180620,0,17,1372,0.0,0.0,,0.0,0.0,0.0,0.0,0.0,3
20180620,0,18,1215,0.0,0.0,,0.0,0.0,0.0,0.0,0.0,3
20180620,0,19,989,0.0,0.0,,0.0,0.0,0.0,0.0,0.0,3
20180620,0,20,667,0.0,0.0,,0.0,0.0,0.0,0.0,0.0,3
20180620,0,21,560,0.0,0.0,,0.0,0.0,0.0,0.0,0.0,3
20180620,0,22,423,0.0,0.0,,0.0,0.0,0.0,0.0,0.0,3
20180627,0,7,1143,0.0,0.0,,0.0,0.0,0.0,0.0,0.0,3
20180627,0,8,1483,0.0,0.0,,0.0,0.0,0.0,0.0,0.0,3
20180627,0,9,1729,0.0,0.0,,0.0,0.0,0.0,0.0,0.0,3
20180627,0,10,2025,0.0,0.0,,0.0,0.0,0.0,0.0,0.0,3
20180627,0,11,1961,0.0,0.0,,0.0,0.0,0.0,0.0,0.0,3
20180627,0,12,1801,0.0,0.0,,0.0,0.0,0.0,0.0,0.0,3
20180627,0,13,1799,0.0,0.0,,0.0,0.0,0.0,0.0,0.0,3
20180627,0,14,1736,0.0,0.0,,0.0,0.0,0.0,0.0,0.0,3
20180627,0,15,1585,0.0,0.0,,0.0,0.0,0.0,0.0,0.0,3
20180627,0,16,1564,0.0,0.0,,0.0,0.0,0.0,0.0,0.0,3
20180627,0,17,1328,0.0,0.0,,0.0,0.0,0.0,0.0,0.0,3
20180627,0,18,1100,0.0,0.0,,0.0,0.0,0.0,0.0,0.0,3
20180627,0,19,932,0.0,0.0,,0.0,0.0,0.0,0.0,0.0,3
20180627,0,20,698,0.0,0.0,,0.0,0.0,0.0,0.0,0.0,3
20180627,0,21,556,0.0,0.0,,0.0,0.0,0.0,0.0,0.0,3
20180627,0,22,411,0.0,0.0,,0.0,0.0,0.0,0.0,0.0,3
20180704,0,6,1180,0.0,0.0,,0.0,0.0,0.0,0.0,0.0,3
20180704,0,7,1874,0.0,0.0,,0.0,0.0,0.0,0.0,0.0,3
20180704,0,8,2571,0.0,0.0,,0.0,0.0,0.0,0.0,0.0,3
20180704,0,9,3028,0.0,0.0,,0.0,0.0,0.0,0.0,0.0,3
20180704,0,10,3114,0.0,0.0,,0.0,0.0,0.0,0.0,0.0,3
20180704,0,11,3098,0.0,0.0,,0.0,0.0,0.0,0.0,0.0,3
20180704,0,12,2603,0.0,0.0,,0.0,0.0,0.0,0.0,0.0,3
20180704,0,13,2115,0.0,0.0,,0.0,0.0,0.0,0.0,0.0,3
20180704,0,14,1671,0.0,0.0,,0.0,0.0,0.0,0.0,0.0,3
20180704,0,15,1382,0.0,0.0,,0.0,0.0,0.0,0.0,0.0,3
20180704,0,16,1043,0.0,0.0,,0.0,0.0,0.0,0.0,0.0,3
20180704,0,18,719,0.0,0.0,,0.0,0.0,0.0,0.0,0.0,3
20180704,0,19,504,0.0,0.0,,0.0,0.0,0.0,0.0,0.0,3
20180704,0,20,397,0.0,0.0,,0.0,0.0,0.0,0.0,0.0,3
20180704,0,21,323,0.0,0.0,,0.0,0.0,0.0,0.0,0.0,3
20180704,0,22,537,0.0,0.0,,0.0,0.0,0.0,0.0,0.0,3
20180711,0,7,1056,0.0,0.0,,0.0,0.0,0.0,0.0,0.0,3
20180711,0,8,1403,0.0,0.0,,0.0,0.0,0.0,0.0,0.0,3
20180711,0,10,2145,0.0,0.0,,0.0,0.0,0.0,0.0,0.0,3
20180711,0,11,2109,0.0,0.0,,0.0,0.0,0.0,0.0,0.0,3
20180711,0,13,1762,0.0,0.0,,0.0,0.0,0.0,0.0,0.0,3
20180711,0,14,1663,0.0,0.0,,0.0,0.0,0.0,0.0,0.0,3
20180711,0,16,1622,0.0,0.0,,0.0,0.0,0.0,0.0,0.0,3
20180711,0,17,1302,0.0,0.0,,0.0,0.0,0.0,0.0,0.0,3
20180711,0,18,1079,0.0,0.0,,0.0,0.0,0.0,0.0,0.0,3
20180711,0,19,930,0.0,0.0,,0.0,0.0,0.0,0.0,0.0,3
20180711,0,20,688,0.0,0.0,,0.0,0.0,0.0,0.0,0.0,3
20180711,0,21,563,0.0,0.0,,0.0,0.0,0.0,0.0,0.0,3
20180711,0,22,383,0.0,0.0,,0.0,0.0,0.0,0.0,0.0,3
20180718,0,6,1029,0.0,0.0,,0.0,0.0,0.0,0.0,0.0,3
20180718,0,7,1264,0.0,0.0,,0.0,0.0,0.0,0.0,0.0,3
20180718,0,8,1705,0.0,0.0,,0.0,0.0,0.0,0.0,0.0,3
20180718,0,9,1957,0.0,0.0,,0.0,0.0,0.0,0.0,0.0,3
20180718,0,10,2259,0.0,0.0,,0.0,0.0,0.0,0.0,0.0,3
20180718,0,11,2289,0.0,0.0,,0.0,0.0,0.0,0.0,0.0,3
20180718,0,12,2045,0.0,0.0,,0.0,0.0,0.0,0.0,0.0,3
20180718,0,13,1961,0.0,0.0,,0.0,0.0,0.0,0.0,0.0,3
20180718,0,14,2006,0.0,0.0,,0.0,0.0,0.0,0.0,0.0,3
20180718,0,15,1813,0.0,0.0,,0.0,0.0,0.0,0.0,0.0,3
20180718,0,17,1429,0.0,0.0,,0.0,0.0,0.0,0.0,0.0,3
20180718,0,18,1259,0.0,0.0,,0.0,0.0,0.0,0.0,0.0,3
20180718,0,19,1131,0.0,0.0,,0.0,0.0,0.0,0.0,0.0,3
20180718,0,20,747,0.0,0.0,,0.0,0.0,0.0,0.0,0.0,3
20180718,0,22,385,0.0,0.0,,0.0,0.0,0.0,0.0,0.0,3
20180725,0,7,1182,0.0,0.0,,0.0,0.0,0.0,0.0,0.0,3
20180725,0,8,1609,0.0,0.0,,0.0,0.0,0.0,0.0,0.0,3
20180725,0,9,1833,0.0,0.0,,0.0,0.0,0.0,0.0,0.0,3
20180725,0,11,421,0.0,0.0,,0.0,0.0,0.0,0.0,0.0,3
20180725,0,12,1072,0.0,0.0,,0.0,0.0,0.0,0.0,0.0,3
20180725,0,13,1520,0.0,0.0,,0.0,0.0,0.0,0.0,0.0,3
20180725,0,14,1762,0.0,0.0,,0.0,0.0,0.0,0.0,0.0,3
20180725,0,15,2440,0.0,0.0,,0.0,0.0,0.0,0.0,0.0,3
20180725,0,17,1381,0.0,0.0,,0.0,0.0,0.0,0.0,0.0,3
20180725,0,18,1145,0.0,0.0,,0.0,0.0,0.0,0.0,0.0,3
20180725,0,19,855,0.0,0.0,,0.0,0.0,0.0,0.0,0.0,3
20180725,0,20,716,0.0,0.0,,0.0,0.0,0.0,0.0,0.0,3
20180725,0,21,629,0.0,0.0,,0.0,0.0,0.0,0.0,0.0,3
20180725,0,22,578,0.0,0.0,,0.0,0.0,0.0,0.0,0.0,3
20180801,0,7,1236,0.0,0.0,,0.0,0.0,0.0,0.0,0.0,3
20180801,0,10,2058,0.0,0.0,,0.0,0.0,0.0,0.0,0.0,3
20180801,0,11,2108,0.0,0.0,,0.0,0.0,0.0,0.0,0.0,3
20180801,0,12,1927,0.0,0.0,,0.0,0.0,0.0,0.0,0.0,3
20180801,0,13,1994,0.0,0.0,,0.0,0.0,0.0,0.0,0.0,3
20180801,0,14,1782,0.0,0.0,,0.0,0.0,0.0,0.0,0.0,3
20180801,0,15,1686,0.0,0.0,,0.0,0.0,0.0,0.0,0.0,3
20180801,0,16,1652,0.0,0.0,,0.0,0.0,0.0,0.0,0.0,3
20180801,0,17,1383,0.0,0.0,,0.0,0.0,0.0,0.0,0.0,3
20180801,0,18,1119,0.0,0.0,,0.0,0.0,0.0,0.0,0.0,3
20180801,0,19,998,0.0,0.0,,0.0,0.0,0.0,0.0,0.0,3
20180801,0,20,760,0.0,0.0,,0.0,0.0,0.0,0.0,0.0,3
20180801,0,21,566,0.0,0.0,,0.0,0.0,0.0,0.0,0.0,3
20180801,0,22,394,0.0,0.0,,0.0,0.0,0.0,0.0,0.0,3
20180808,0,7,1133,0.0,0.0,,0.0,0.0,0.0,0.0,0.0,3
20180808,0,8,1391,0.0,0.0,,0.0,0.0,0.0,0.0,0.0,3
20180808,0,9,1751,0.0,0.0,,0.0,0.0,0.0,0.0,0.0,3
20180808,0,10,1681,0.0,0.0,,0.0,0.0,0.0,0.0,0.0,3
20180808,0,11,1784,0.0,0.0,,0.0,0.0,0.0,0.0,0.0,3
20180808,0,12,1622,0.0,0.0,,0.0,0.0,0.0,0.0,0.0,3
20180808,0,13,1642,0.0,0.0,,0.0,0.0,0.0,0.0,0.0,3
20180808,0,14,1804,0.0,0.0,,0.0,0.0,0.0,0.0,0.0,3
20180808,0,15,1652,0.0,0.0,,0.0,0.0,0.0,0.0,0.0,3
20180808,0,16,1538,0.0,0.0,,0.0,0.0,0.0,0.0,0.0,3
20180808,0,17,1395,0.0,0.0,,0.0,0.0,0.0,0.0,0.0,3
20180808,0,19,972,0.0,0.0,,0.0,0.0,0.0,0.0,0.0,3
20180808,0,20,761,0.0,0.0,,0.0,0.0,0.0,0.0,0.0,3
20180808,0,21,616,0.0,0.0,,0.0,0.0,0.0,0.0,0.0,3
20180808,0,22,404,0.0,0.0,,0.0,0.0,0.0,0.0,0.0,3
20180815,0,7,970,0.0,0.0,,0.0,0.0,0.0,0.0,0.0,3
20180815,0,8,1217,0.0,0.0,,0.0,0.0,0.0,0.0,0.0,3
20180815,0,9,1626,0.0,0.0,,0.0,0.0,0.0,0.0,0.0,3
20180815,0,10,1811,0.0,0.0,,0.0,0.0,0.0,0.0,0.0,3
20180815,0,11,1794,0.0,0.0,,0.0,0.0,0.0,0.0,0.0,3
20180815,0,12,1671,0.0,0.0,,0.0,0.0,0.0,0.0,0.0,3
20180815,0,13,1537,0.0,0.0,,0.0,0.0,0.0,0.0,0.0,3
20180815,0,14,1517,0.0,0.0,,0.0,0.0,0.0,0.0,0.0,3
20180815,0,15,1538,0.0,0.0,,0.0,0.0,0.0,0.0,0.0,3
20180815,0,17,1305,0.0,0.0,,0.0,0.0,0.0,0.0,0.0,3
20180815,0,18,1156,0.0,0.0,,0.0,0.0,0.0,0.0,0.0,3
20180815,0,19,911,0.0,0.0,,0.0,0.0,0.0,0.0,0.0,3
20180815,0,20,708,0.0,0.0,,0.0,0.0,0.0,0.0,0.0,3
20180815,0,21,513,0.0,0.0,,0.0,0.0,0.0,0.0,0.0,3
20180815,0,22,365,0.0,0.0,,0.0,0.0,0.0,0.0,0.0,3
20180822,0,7,1033,,,,,0.0,0.0,0.0,0.0,3
20180822,0,8,1160,,,,,0.0,0.0,0.0,0.0,3
20180822,0,9,1420,,,,,0.0,0.0,0.0,0.0,3
20180822,0,10,1535,,,,,0.0,0.0,0.0,0.0,3
20180822,0,11,1479,,,,,0.0,0.0,0.0,0.0,3
20180822,0,12,1374,,,,,0.0,0.0,0.0,0.0,3
20180822,0,13,1332,,,,,0.0,0.0,0.0,0.0,3
20180822,0,14,1322,,,,,0.0,0.0,0.0,0.0,3
20180822,0,15,1355,,,,,0.0,0.0,0.0,0.0,3
20180822,0,16,1332,,,,,0.0,0.0,0.0,0.0,3
20180822,0,17,1067,,,,,0.0,0.0,0.0,0.0,3
20180822,0,18,1015,,,,,0.0,0.0,0.0,0.0,3
20180822,0,19,754,,,,,0.0,0.0,0.0,0.0,3
20180822,0,20,631,,,,,0.0,0.0,0.0,0.0,3
20180822,0,21,446,,,,,0.0,0.0,0.0,0.0,3
20180822,0,22,372,,,,,0.0,0.0,0.0,0.0,3
20180829,0,7,1034,0.0,0.0,,0.0,0.0,0.0,0.0,0.0,3
20180829,0,8,1250,0.0,0.0,,0.0,0.0,0.0,0.0,0.0,3
20180829,0,9,1605,0.0,0.0,,0.0,0.0,0.0,0.0,0.0,3
20180829,0,10,1698,0.0,0.0,,0.0,0.0,0.0,0.0,0.0,3
20180829,0,11,1632,0.0,0.0,,0.0,0.0,0.0,0.0,0.0,3
20180829,0,13,1510,0.0,0.0,,0.0,0.0,0.0,0.0,0.0,3
20180829,0,14,1406,0.0,0.0,,0.0,0.0,0.0,0.0,0.0,3
20180829,0,15,1427,0.0,0.0,,0.0,0.0,0.0,0.0,0.0,3
20180829,0,16,1376,0.0,0.0,,0.0,0.0,0.0,0.0,0.0,3
20180829,0,17,1152,0.0,0.0,,0.0,0.0,0.0,0.0,0.0,3
20180829,0,18,1022,0.0,0.0,,0.0,0.0,0.0,0.0,0.0,3
20180829,0,19,789,0.0,0.0,,0.0,0.0,0.0,0.0,0.0,3
20180829,0,20,591,0.0,0.0,,0.0,0.0,0.0,0.0,0.0,3
20180829,0,21,472,0.0,0.0,,0.0,0.0,0.0,0.0,0.0,3
20180829,0,22,364,0.0,0.0,,0.0,0.0,0.0,0.0,0.0,3
20180905,0,7,994,0.0,0.0,,0.0,0.0,0.0,0.0,0.0,3
20180905,0,8,1170,0.0,0.0,,0.0,0.0,0.0,0.0,0.0,3
20180905,0,9,1398,0.0,0.0,,0.0,0.0,0.0,0.0,0.0,3
20180905,0,10,1461,0.0,0.0,,0.0,0.0,0.0,0.0,0.0,3
20180905,0,11,1469,0.0,0.0,,0.0,0.0,0.0,0.0,0.0,3
20180905,0,12,1302,0.0,0.0,,0.0,0.0,0.0,0.0,0.0,3
20180905,0,13,1255,0.0,0.0,,0.0,0.0,0.0,0.0,0.0,3
20180905,0,15,1202,0.0,0.0,,0.0,0.0,0.0,0.0,0.0,3
20180905,0,17,1175,0.0,0.0,,0.0,0.0,0.0,0.0,0.0,3
20180905,0,18,932,0.0,0.0,,0.0,0.0,0.0,0.0,0.0,3
20180905,0,19,744,0.0,0.0,,0.0,0.0,0.0,0.0,0.0,3
20180905,0,20,611,0.0,0.0,,0.0,0.0,0.0,0.0,0.0,3
20180905,0,21,443,0.0,0.0,,0.0,0.0,0.0,0.0,0.0,3
20180905,0,22,296,0.0,0.0,,0.0,0.0,0.0,0.0,0.0,3
20180912,0,7,1007,0.0,0.0,,0.0,0.0,0.0,0.0,0.0,3
20180912,0,8,1283,0.0,0.0,,0.0,0.0,0.0,0.0,0.0,3
20180912,0,9,1634,0.0,0.0,,0.0,0.0,0.0,0.0,0.0,3
20180912,0,10,1832,0.0,0.0,,0.0,0.0,0.0,0.0,0.0,3
20180912,0,11,1725,0.0,0.0,,0.0,0.0,0.0,0.0,0.0,3
20180912,0,12,1630,0.0,0.0,,0.0,0.0,0.0,0.0,0.0,3
20180912,0,13,1462,0.0,0.0,,0.0,0.0,0.0,0.0,0.0,3
20180912,0,14,1361,0.0,0.0,,0.0,0.0,0.0,0.0,0.0,3
20180912,0,15,1443,0.0,0.0,,0.0,0.0,0.0,0.0,0.0,3
20180912,0,16,1280,0.0,0.0,,0.0,0.0,0.0,0.0,0.0,3
20180912,0,17,1173,0.0,0.0,,0.0,0.0,0.0,0.0,0.0,3
20180912,0,18,977,0.0,0.0,,0.0,0.0,0.0,0.0,0.0,3
20180912,0,19,862,0.0,0.0,,0.0,0.0,0.0,0.0,0.0,3
20180912,0,20,523,0.0,0.0,,0.0,0.0,0.0,0.0,0.0,3
20180912,0,21,483,0.0,0.0,,0.0,0.0,0.0,0.0,0.0,3
20180912,0,22,389,0.0,0.0,,0.0,0.0,0.0,0.0,0.0,3
20180919,0,7,949,0.0,0.0,,0.0,0.0,0.0,0.0,0.0,3
20180919,0,8,1319,0.0,0.0,,0.0,0.0,0.0,0.0,0.0,3
20180919,0,9,1730,0.0,0.0,,0.0,0.0,0.0,0.0,0.0,3
20180919,0,10,1855,0.0,0.0,,0.0,0.0,0.0,0.0,0.0,3
20180919,0,11,1679,0.0,0.0,,0.0,0.0,0.0,0.0,0.0,3
20180919,0,12,1608,0.0,0.0,,0.0,0.0,0.0,0.0,0.0,3
20180919,0,13,1440,0.0,0.0,,0.0,0.0,0.0,0.0,0.0,3
20180919,0,14,1456,0.0,0.0,,0.0,0.0,0.0,0.0,0.0,3
20180919,0,15,1389,0.0,0.0,,0.0,0.0,0.0,0.0,0.0,3
20180919,0,16,1393,0.0,0.0,,0.0,0.0,0.0,0.0,0.0,3
20180919,0,18,954,0.0,0.0,,0.0,0.0,0.0,0.0,0.0,3
20180919,0,19,774,0.0,0.0,,0.0,0.0,0.0,0.0,0.0,3
20180919,0,20,533,0.0,0.0,,0.0,0.0,0.0,0.0,0.0,3
20180919,0,21,443,0.0,0.0,,0.0,0.0,0.0,0.0,0.0,3
20180919,0,22,350,0.0,0.0,,0.0,0.0,0.0,0.0,0.0,3
20180925,0,0,189,0.09,0.0,,0.0,0.0,0.0,0.0,0.0,2
20180925,0,1,116,0.09,0.0,,0.0,0.0,0.0,0.0,0.0,2
20180925,0,2,85,0.09,0.0,,0.0,0.0,0.0,0.0,0.0,2
20180925,0,3,94,0.09,0.0,,0.0,0.0,0.0,0.0,0.0,2
20180925,0,4,219,0.09,0.0,,0.0,0.0,0.0,0.0,0.0,2
20180925,0,5,427,0.09,0.0,,0.0,0.0,0.0,0.0,0.0,2
20180925,0,6,610,0.09,0.0,,0.0,0.0,0.0,0.0,0.0,2
20180925,0,7,875,0.09,0.0,,0.0,0.0,0.0,0.0,0.0,2
20180925,0,8,1247,0.09,0.0,,0.0,0.0,0.0,0.0,0.0,2
20180925,0,9,1542,0.09,0.0,,0.0,0.0,0.0,0.0,0.0,2
20180925,0,10,1484,0.09,0.0,,0.0,0.0,0.0,0.0,0.0,2
20180925,0,11,1431,0.09,0.0,,0.0,0.0,0.0,0.0,0.0,2
20180925,0,12,1309,0.09,0.0,,0.0,0.0,0.0,0.0,0.0,2
20180925,0,13,1449,0.09,0.0,,0.0,0.0,0.0,0.0,0.0,2
20180925,0,14,1326,0.09,0.0,,0.0,0.0,0.0,0.0,0.0,2
20180925,0,15,1268,0.09,0.0,,0.0,0.0,0.0,0.0,0.0,2
20180925,0,16,1216,0.09,0.0,,0.0,0.0,0.0,0.0,0.0,2
20180925,0,17,1082,0.09,0.0,,0.0,0.0,0.0,0.0,0.0,2
20180925,0,18,809,0.09,0.0,,0.0,0.0,0.0,0.0,0.0,2
20180925,0,19,700,0.09,0.0,,0.0,0.0,0.0,0.0,0.0,2
20180925,0,20,454,0.09,0.0,,0.0,0.0,0.0,0.0,0.0,2
20180925,0,22,285,0.09,0.0,,0.0,0.0,0.0,0.0,0.0,2
20180925,0,23,230,0.09,0.0,,0.0,0.0,0.0,0.0,0.0,2
20180926,0,7,995,0.0,0.0,,0.0,0.0,0.0,0.0,0.0,3
20180926,0,8,1269,0.0,0.0,,0.0,0.0,0.0,0.0,0.0,3
20180926,0,9,1680,0.0,0.0,,0.0,0.0,0.0,0.0,0.0,3
20180926,0,10,1588,0.0,0.0,,0.0,0.0,0.0,0.0,0.0,3
20180926,0,12,1487,0.0,0.0,,0.0,0.0,0.0,0.0,0.0,3
20180926,0,13,1315,0.0,0.0,,0.0,0.0,0.0,0.0,0.0,3
20180926,0,14,1336,0.0,0.0,,0.0,0.0,0.0,0.0,0.0,3
20180926,0,15,1343,0.0,0.0,,0.0,0.0,0.0,0.0,0.0,3
20180926,0,16,1133,0.0,0.0,,0.0,0.0,0.0,0.0,0.0,3
20180926,0,17,1177,0.0,0.0,,0.0,0.0,0.0,0.0,0.0,3
20180926,0,18,867,0.0,0.0,,0.0,0.0,0.0,0.0,0.0,3
20180926,0,19,743,0.0,0.0,,0.0,0.0,0.0,0.0,0.0,3
20180926,0,20,545,0.0,0.0,,0.0,0.0,0.0,0.0,0.0,3
20180926,0,21,449,0.0,0.0,,0.0,0.0,0.0,0.0,0.0,3
20180926,0,22,336,0.0,0.0,,0.0,0.0,0.0,0.0,0.0,3
20181003,0,7,924,,,,,0.0,0.0,0.0,0.0,3
20181003,0,9,1588,,,,,0.0,0.0,0.0,0.0,3
20181003,0,10,1452,,,,,0.0,0.0,0.0,0.0,3
20181003,0,11,1527,,,,,0.0,0.0,0.0,0.0,3
20181003,0,12,1374,,,,,0.0,0.0,0.0,0.0,3
20181003,0,13,1376,,,,,0.0,0.0,0.0,0.0,3
20181003,0,14,1409,,,,,0.0,0.0,0.0,0.0,3
20181003,0,15,1262,,,,,0.0,0.0,0.0,0.0,3
20181003,0,16,1145,,,,,0.0,0.0,0.0,0.0,3
20181003,0,17,1094,,,,,0.0,0.0,0.0,0.0,3
20181003,0,18,822,,,,,0.0,0.0,0.0,0.0,3
20181003,0,19,609,,,,,0.0,0.0,0.0,0.0,3
20181003,0,20,492,,,,,0.0,0.0,0.0,0.0,3
20181003,0,21,381,,,,,0.0,0.0,0.0,0.0,3
20181003,0,22,287,,,,,0.0,0.0,0.0,0.0,3
20181009,0,0,124,0.1,0.0,0.0,0.0,0.0,0.0,0.0,0.0,2
20181009,0,1,104,0.1,0.0,0.0,0.0,0.0,0.0,0.0,0.0,2
20181009,0,2,92,0.1,0.0,0.0,0.0,0.0,0.0,0.0,0.0,2
20181009,0,3,101,0.1,0.0,0.0,0.0,0.0,0.0,0.0,0.0,2
20181009,0,4,183,0.1,0.0,0.0,0.0,0.0,0.0,0.0,0.0,2
20181009,0,5,408,0.1,0.0,0.0,0.0,0.0,0.0,0.0,0.0,2
20181009,0,8,879,0.1,0.0,0.0,0.0,0.0,0.0,0.0,0.0,2
20181009,0,9,1262,0.1,0.0,0.0,0.0,0.0,0.0,0.0,0.0,2
20181009,0,10,1291,0.1,0.0,0.0,0.0,0.0,0.0,0.0,0.0,2
20181009,0,11,1247,0.1,0.0,0.0,0.0,0.0,0.0,0.0,0.0,2
20181009,0,12,1206,0.1,0.0,0.0,0.0,0.0,0.0,0.0,0.0,2
20181009,0,13,1097,0.1,0.0,0.0,0.0,0.0,0.0,0.0,0.0,2
20181009,0,14,1084,0.1,0.0,0.0,0.0,0.0,0.0,0.0,0.0,2
20181009,0,15,1141,0.1,0.0,0.0,0.0,0.0,0.0,0.0,0.0,2
20181009,0,16,1149,0.1,0.0,0.0,0.0,0.0,0.0,0.0,0.0,2
20181009,0,17,937,0.1,0.0,0.0,0.0,0.0,0.0,0.0,0.0,2
20181009,0,18,743,0.1,0.0,0.0,0.0,0.0,0.0,0.0,0.0,2
20181009,0,19,596,0.1,0.0,0.0,0.0,0.0,0.0,0.0,0.0,2
20181009,0,20,428,0.1,0.0,0.0,0.0,0.0,0.0,0.0,0.0,2
20181009,0,21,328,0.1,0.0,0.0,0.0,0.0,0.0,0.0,0.0,2
20181009,0,22,235,0.1,0.0,0.0,0.0,0.0,0.0,0.0,0.0,2
20181009,0,23,168,0.1,0.0,0.0,0.0,0.0,0.0,0.0,0.0,2
20181010,0,0,146,0.08,0.6,,0.6000000000000015,0.0,0.0,0.0,0.0,3
20181010,0,1,103,0.08,0.6,,0.6000000000000015,0.0,0.0,0.0,0.0,3
20181010,0,2,108,0.08,0.6,,0.6000000000000015,0.0,0.0,0.0,0.0,3
20181010,0,3,110,0.08,0.6,,0.6000000000000015,0.0,0.0,0.0,0.0,3
20181010,0,4,208,0.08,0.6,,0.6000000000000015,0.0,0.0,0.0,0.0,3
20181010,0,5,412,0.08,0.6,,0.6000000000000015,0.0,0.0,0.0,0.0,3
20181010,0,6,587,0.08,0.6,,0.6000000000000015,0.0,0.0,0.0,0.0,3
20181010,0,8,937,0.08,0.6,,0.6000000000000015,0.0,0.0,0.0,0.0,3
20181010,0,9,1133,0.08,0.6,,0.6000000000000015,0.0,0.0,0.0,0.0,3
20181010,0,10,1231,0.08,0.6,,0.6000000000000015,0.0,0.0,0.0,0.0,3
20181010,0,11,1168,0.08,0.6,,0.6000000000000015,0.0,0.0,0.0,0.0,3
20181010,0,12,1122,0.08,0.6,,0.6000000000000015,0.0,0.0,0.0,0.0,3
20181010,0,13,1152,0.08,0.6,,0.6000000000000015,0.0,0.0,0.0,0.0,3
20181010,0,14,1228,0.08,0.6,,0.6000000000000015,0.0,0.0,0.0,0.0,3
20181010,0,15,1149,0.08,0.6,,0.6000000000000015,0.0,0.0,0.0,0.0,3
20181010,0,16,1133,0.08,0.6,,0.6000000000000015,0.0,0.0,0.0,0.0,3
20181010,0,17,960,0.08,0.6,,0.6000000000000015,0.0,0.0,0.0,0.0,3
20181010,0,18,766,0.08,0.6,,0.6000000000000015,0.0,0.0,0.0,0.0,3
20181010,0,19,588,0.08,0.6,,0.6000000000000015,0.0,0.0,0.0,0.0,3
20181010,0,20,434,0.08,0.6,,0.6000000000000015,0.0,0.0,0.0,0.0,3
20181010,0,21,312,0.08,0.6,,0.6000000000000015,0.0,0.0,0.0,0.0,3
20181010,0,22,236,0.08,0.6,,0.6000000000000015,0.0,0.0,0.0,0.0,3
20181010,0,23,184,0.08,0.6,,0.6000000000000015,0.0,0.0,0.0,0.0,3
20181015,0,8,1097,0.0,0.0,,6.100000000000001,0.0,0.0,0.0,0.0,1
20181024,0,7,910,,,,,0.0,0.0,0.0,0.0,3
20181024,0,8,1130,,,,,0.0,0.0,0.0,0.0,3
20181024,0,9,1295,,,,,0.0,0.0,0.0,0.0,3
20181024,0,10,1319,,,,,0.0,0.0,0.0,0.0,3
20181024,0,11,1222,,,,,0.0,0.0,0.0,0.0,3
20181024,0,12,1235,,,,,0.0,0.0,0.0,0.0,3
20181024,0,13,1171,,,,,0.0,0.0,0.0,0.0,3
20181024,0,14,1138,,,,,0.0,0.0,0.0,0.0,3
20181024,0,15,1205,,,,,0.0,0.0,0.0,0.0,3
20181024,0,16,1184,,,,,0.0,0.0,0.0,0.0,3
20181024,0,17,1018,,,,,0.0,0.0,0.0,0.0,3
20181024,0,18,792,,,,,0.0,0.0,0.0,0.0,3
20181024,0,19,684,,,,,0.0,0.0,0.0,0.0,3
20181024,0,20,493,,,,,0.0,0.0,0.0,0.0,3
20181024,0,21,383,,,,,0.0,0.0,0.0,0.0,3
20181024,0,22,322,,,,,0.0,0.0,0.0,0.0,3
20181121,0,7,2199,0.0,0.0,,1.600000000000001,0.0,0.0,0.0,0.0,3
20181121,0,8,2545,0.0,0.0,,1.600000000000001,0.0,0.0,0.0,0.0,3
20181121,0,9,2599,0.0,0.0,,1.600000000000001,0.0,0.0,0.0,0.0,3
20181121,0,10,2778,0.0,0.0,,1.600000000000001,0.0,0.0,0.0,0.0,3
20181121,0,11,2958,0.0,0.0,,1.600000000000001,0.0,0.0,0.0,0.0,3
20181121,0,12,2763,0.0,0.0,,1.600000000000001,0.0,0.0,0.0,0.0,3
20181121,0,14,2906,0.0,0.0,,1.600000000000001,0.0,0.0,0.0,0.0,3
20181121,0,16,2287,0.0,0.0,,1.600000000000001,0.0,0.0,0.0,0.0,3
20181121,0,18,1887,0.0,0.0,,1.600000000000001,0.0,0.0,0.0,0.0,3
20181121,0,19,1407,0.0,0.0,,1.600000000000001,0.0,0.0,0.0,0.0,3
20181121,0,20,1089,0.0,0.0,,1.600000000000001,0.0,0.0,0.0,0.0,3
20181121,0,21,756,0.0,0.0,,1.600000000000001,0.0,0.0,0.0,0.0,3
20181121,0,22,500,0.0,0.0,,1.600000000000001,0.0,0.0,0.0,0.0,3
20181121,0,23,330,0.0,0.0,,1.600000000000001,0.0,0.0,0.0,0.0,3
20181212,0,7,1431,0.0,0.0,,2.6,0.0,0.0,0.0,0.0,3
20181212,0,8,2008,0.0,0.0,,2.6,0.0,0.0,0.0,0.0,3
20181212,0,9,1891,0.0,0.0,,2.6,0.0,0.0,0.0,0.0,3
20181212,0,10,1487,0.0,0.0,,2.6,0.0,0.0,0.0,0.0,3
20181212,0,11,1256,0.0,0.0,,2.6,0.0,0.0,0.0,0.0,3
20181212,0,12,1193,0.0,0.0,,2.6,0.0,0.0,0.0,0.0,3
20181212,0,13,1174,0.0,0.0,,2.6,0.0,0.0,0.0,0.0,3
20181212,0,14,1160,0.0,0.0,,2.6,0.0,0.0,0.0,0.0,3
20181212,0,15,1179,0.0,0.0,,2.6,0.0,0.0,0.0,0.0,3
20181212,0,16,1167,0.0,0.0,,2.6,0.0,0.0,0.0,0.0,3
20181212,0,17,996,0.0,0.0,,2.6,0.0,0.0,0.0,0.0,3
20181212,0,18,733,0.0,0.0,,2.6,0.0,0.0,0.0,0.0,3
20181212,0,19,620,0.0,0.0,,2.6,0.0,0.0,0.0,0.0,3
20181212,0,20,495,0.0,0.0,,2.6,0.0,0.0,0.0,0.0,3
20181212,0,21,387,0.0,0.0,,2.6,0.0,0.0,0.0,0.0,3
20181212,0,22,274,0.0,0.0,,2.6,0.0,0.0,0.0,0.0,3
20181212,0,23,243,0.0,0.0,,2.6,0.0,0.0,0.0,0.0,3
20181226,0,7,2844,0.0,0.0,,6.0,0.0,0.0,0.0,0.0,3
20181226,0,8,2635,0.0,0.0,,6.0,0.0,0.0,0.0,0.0,3
20181226,0,9,2819,0.0,0.0,,6.0,0.0,0.0,0.0,0.0,3
20181226,0,10,3285,0.0,0.0,,6.0,0.0,0.0,0.0,0.0,3
20181226,0,11,3443,0.0,0.0,,6.0,0.0,0.0,0.0,0.0,3
20181226,0,13,3004,0.0,0.0,,6.0,0.0,0.0,0.0,0.0,3
20181226,0,14,3200,0.0,0.0,,6.0,0.0,0.0,0.0,0.0,3
20181226,0,15,2775,0.0,0.0,,6.0,0.0,0.0,0.0,0.0,3
20190327,0,6,935,0.0,0.0,,2.4,0.0,0.0,0.0,0.0,3
20190327,0,7,1970,0.0,0.0,,2.4,0.0,0.0,0.0,0.0,3
20190327,0,8,2549,0.0,0.0,,2.4,0.0,0.0,0.0,0.0,3
20190327,0,9,2475,0.0,0.0,,2.4,0.0,0.0,0.0,0.0,3
20190327,0,10,2209,0.0,0.0,,2.4,0.0,0.0,0.0,0.0,3
20190327,0,11,1939,0.0,0.0,,2.4,0.0,0.0,0.0,0.0,3
20190327,0,12,1614,0.0,0.0,,2.4,0.0,0.0,0.0,0.0,3
20190327,0,13,1591,0.0,0.0,,2.4,0.0,0.0,0.0,0.0,3
20190327,0,14,1556,0.0,0.0,,2.4,0.0,0.0,0.0,0.0,3
20190327,0,15,1576,0.0,0.0,,2.4,0.0,0.0,0.0,0.0,3
20190327,0,16,1560,0.0,0.0,,2.4,0.0,0.0,0.0,0.0,3
20190327,0,17,1378,0.0,0.0,,2.4,0.0,0.0,0.0,0.0,3
20190327,0,18,1204,0.0,0.0,,2.4,0.0,0.0,0.0,0.0,3
20190327,0,19,892,0.0,0.0,,2.4,0.0,0.0,0.0,0.0,3
20190327,0,20,715,0.0,0.0,,2.4,0.0,0.0,0.0,0.0,3
20190327,0,21,540,0.0,0.0,,2.4,0.0,0.0,0.0,0.0,3
20190327,0,22,407,0.0,0.0,,2.4,0.0,0.0,0.0,0.0,3
20190327,0,23,361,0.0,0.0,,2.4,0.0,0.0,0.0,0.0,3
20190424,0,7,1049,0.0,0.0,,0.4,0.0,0.0,0.0,0.0,3
20190424,0,8,1366,0.0,0.0,,0.4,0.0,0.0,0.0,0.0,3
20190424,0,9,1665,0.0,0.0,,0.4,0.0,0.0,0.0,0.0,3
20190424,0,10,1353,0.0,0.0,,0.4,0.0,0.0,0.0,0.0,3
20190424,0,11,1286,0.0,0.0,,0.4,0.0,0.0,0.0,0.0,3
20190424,0,12,1078,0.0,0.0,,0.4,0.0,0.0,0.0,0.0,3
20190424,0,13,1081,0.0,0.0,,0.4,0.0,0.0,0.0,0.0,3
20190424,0,14,1167,0.0,0.0,,0.4,0.0,0.0,0.0,0.0,3
20190424,0,15,1161,0.0,0.0,,0.4,0.0,0.0,0.0,0.0,3
20190424,0,16,1145,0.0,0.0,,0.4,0.0,0.0,0.0,0.0,3
20190424,0,17,1147,0.0,0.0,,0.4,0.0,0.0,0.0,0.0,3
20190508,0,6,712,0.01,0.0,0.0,2.099999999999993,0.0,0.0,0.0,0.0,3
20190508,0,7,965,0.01,0.0,0.0,2.099999999999993,0.0,0.0,0.0,0.0,3
20190508,0,8,1088,0.01,0.0,0.0,2.099999999999993,0.0,0.0,0.0,0.0,3
20190508,0,9,1163,0.01,0.0,0.0,2.099999999999993,0.0,0.0,0.0,0.0,3
20190508,0,10,1166,0.01,0.0,0.0,2.099999999999993,0.0,0.0,0.0,0.0,3
20190508,0,11,1120,0.01,0.0,0.0,2.099999999999993,0.0,0.0,0.0,0.0,3
20190508,0,12,1051,0.01,0.0,0.0,2.099999999999993,0.0,0.0,0.0,0.0,3
20190508,0,13,1038,0.01,0.0,0.0,2.099999999999993,0.0,0.0,0.0,0.0,3
20190508,0,14,1092,0.01,0.0,0.0,2.099999999999993,0.0,0.0,0.0,0.0,3
20190508,0,15,1086,0.01,0.0,0.0,2.099999999999993,0.0,0.0,0.0,0.0,3
20190508,0,16,1028,0.01,0.0,0.0,2.099999999999993,0.0,0.0,0.0,0.0,3
20190508,0,17,856,0.01,0.0,0.0,2.099999999999993,0.0,0.0,0.0,0.0,3
20190508,0,18,684,0.01,0.0,0.0,2.099999999999993,0.0,0.0,0.0,0.0,3
20190508,0,19,590,0.01,0.0,0.0,2.099999999999993,0.0,0.0,0.0,0.0,3
20190508,0,20,388,0.01,0.0,0.0,2.099999999999993,0.0,0.0,0.0,0.0,3
20190508,0,21,281,0.01,0.0,0.0,2.099999999999993,0.0,0.0,0.0,0.0,3
20190508,0,22,251,0.01,0.0,0.0,2.099999999999993,0.0,0.0,0.0,0.0,3
20190508,0,23,158,0.01,0.0,0.0,2.099999999999993,0.0,0.0,0.0,0.0,3
20190515,0,6,882,0.0,0.0,,1.7,0.0,0.0,0.0,0.0,3
20190515,0,7,1052,0.0,0.0,,1.7,0.0,0.0,0.0,0.0,3
20190515,0,8,1312,0.0,0.0,,1.7,0.0,0.0,0.0,0.0,3
20190515,0,9,1559,0.0,0.0,,1.7,0.0,0.0,0.0,0.0,3
20190515,0,10,1467,0.0,0.0,,1.7,0.0,0.0,0.0,0.0,3
20190515,0,11,1396,0.0,0.0,,1.7,0.0,0.0,0.0,0.0,3
20190515,0,12,1295,0.0,0.0,,1.7,0.0,0.0,0.0,0.0,3
20190515,0,13,1229,0.0,0.0,,1.7,0.0,0.0,0.0,0.0,3
20190515,0,14,1212,0.0,0.0,,1.7,0.0,0.0,0.0,0.0,3
20190515,0,15,1223,0.0,0.0,,1.7,0.0,0.0,0.0,0.0,3
20190515,0,16,1171,0.0,0.0,,1.7,0.0,0.0,0.0,0.0,3
20190515,0,17,1074,0.0,0.0,,1.7,0.0,0.0,0.0,0.0,3
20190515,0,18,983,0.0,0.0,,1.7,0.0,0.0,0.0,0.0,3
20190515,0,19,830,0.0,0.0,,1.7,0.0,0.0,0.0,0.0,3
20190515,0,20,570,0.0,0.0,,1.7,0.0,0.0,0.0,0.0,3
20190515,0,21,458,0.0,0.0,,1.7,0.0,0.0,0.0,0.0,3
20190515,0,22,386,0.0,0.0,,1.7,0.0,0.0,0.0,0.0,3
20190515,0,23,293,0.0,0.0,,1.7,0.0,0.0,0.0,0.0,3
20190528,0,0,134,0.07,0.2,,0.5,0.0,0.0,0.0,0.0,2
20190528,0,1,81,0.07,0.2,,0.5,0.0,0.0,0.0,0.0,2
20190528,0,2,81,0.07,0.2,,0.5,0.0,0.0,0.0,0.0,2
20190528,0,3,111,0.07,0.2,,0.5,0.0,0.0,0.0,0.0,2
20190528,0,4,214,0.07,0.2,,0.5,0.0,0.0,0.0,0.0,2
20190528,0,5,515,0.07,0.2,,0.5,0.0,0.0,0.0,0.0,2
20190528,0,6,815,0.07,0.2,,0.5,0.0,0.0,0.0,0.0,2
20190528,0,7,1082,0.07,0.2,,0.5,0.0,0.0,0.0,0.0,2
20190528,0,8,1214,0.07,0.2,,0.5,0.0,0.0,0.0,0.0,2
20190528,0,9,1414,0.07,0.2,,0.5,0.0,0.0,0.0,0.0,2
20190528,0,10,1499,0.07,0.2,,0.5,0.0,0.0,0.0,0.0,2
20190528,0,13,1261,0.07,0.2,,0.5,0.0,0.0,0.0,0.0,2
20190528,0,14,1256,0.07,0.2,,0.5,0.0,0.0,0.0,0.0,2
20190528,0,15,1207,0.07,0.2,,0.5,0.0,0.0,0.0,0.0,2
20190528,0,16,1199,0.07,0.2,,0.5,0.0,0.0,0.0,0.0,2
20190528,0,18,877,0.07,0.2,,0.5,0.0,0.0,0.0,0.0,2
20190528,0,19,617,0.07,0.2,,0.5,0.0,0.0,0.0,0.0,2
20190528,0,20,486,0.07,0.2,,0.5,0.0,0.0,0.0,0.0,2
20190528,0,21,327,0.07,0.2,,0.5,0.0,0.0,0.0,0.0,2
20190528,0,22,255,0.07,0.2,,0.5,0.0,0.0,0.0,0.0,2
20190528,0,23,186,0.07,0.2,,0.5,0.0,0.0,0.0,0.0,2
20190529,0,8,1273,0.02,0.0,,0.3,0.0,0.0,0.0,0.0,3
20190529,0,9,1425,0.02,0.0,,0.3,0.0,0.0,0.0,0.0,3
20190529,0,10,1449,0.02,0.0,,0.3,0.0,0.0,0.0,0.0,3
20190529,0,11,1310,0.02,0.0,,0.3,0.0,0.0,0.0,0.0,3
20190529,0,12,1287,0.02,0.0,,0.3,0.0,0.0,0.0,0.0,3
20190529,0,13,1321,0.02,0.0,,0.3,0.0,0.0,0.0,0.0,3
20190529,0,14,1283,0.02,0.0,,0.3,0.0,0.0,0.0,0.0,3
20190529,0,15,1235,0.02,0.0,,0.3,0.0,0.0,0.0,0.0,3
20190529,0,16,1258,0.02,0.0,,0.3,0.0,0.0,0.0,0.0,3
20190529,0,17,1081,0.02,0.0,,0.3,0.0,0.0,0.0,0.0,3
20190605,0,7,1038,0.0,0.0,,0.2,0.0,0.0,0.0,0.0,3
20190605,0,8,1302,0.0,0.0,,0.2,0.0,0.0,0.0,0.0,3
20190605,0,9,1521,0.0,0.0,,0.2,0.0,0.0,0.0,0.0,3
20190605,0,10,1652,0.0,0.0,,0.2,0.0,0.0,0.0,0.0,3
20190605,0,11,1649,0.0,0.0,,0.2,0.0,0.0,0.0,0.0,3
20190605,0,13,1451,0.0,0.0,,0.2,0.0,0.0,0.0,0.0,3
20190605,0,14,1444,0.0,0.0,,0.2,0.0,0.0,0.0,0.0,3
20190605,0,15,1532,0.0,0.0,,0.2,0.0,0.0,0.0,0.0,3
20190605,0,16,1386,0.0,0.0,,0.2,0.0,0.0,0.0,0.0,3
20190605,0,17,1177,0.0,0.0,,0.2,0.0,0.0,0.0,0.0,3
20190612,0,7,1140,0.0,0.0,,0.0,0.0,0.0,0.0,0.0,3
20190612,0,8,1348,0.0,0.0,,0.0,0.0,0.0,0.0,0.0,3
20190612,0,9,1811,0.0,0.0,,0.0,0.0,0.0,0.0,0.0,3
20190612,0,10,1767,0.0,0.0,,0.0,0.0,0.0,0.0,0.0,3
20190612,0,11,1741,0.0,0.0,,0.0,0.0,0.0,0.0,0.0,3
20190612,0,12,1518,0.0,0.0,,0.0,0.0,0.0,0.0,0.0,3
20190612,0,13,1515,0.0,0.0,,0.0,0.0,0.0,0.0,0.0,3
20190612,0,15,1602,0.0,0.0,,0.0,0.0,0.0,0.0,0.0,3
20190612,0,16,1577,0.0,0.0,,0.0,0.0,0.0,0.0,0.0,3
20190612,0,17,1518,0.0,0.0,,0.0,0.0,0.0,0.0,0.0,3
20190612,0,18,1218,0.0,0.0,,0.0,0.0,0.0,0.0,0.0,3
20190619,0,7,1238,,,,,0.0,0.0,0.0,0.0,3
20190619,0,8,1549,,,,,0.0,0.0,0.0,0.0,3
20190619,0,9,1901,,,,,0.0,0.0,0.0,0.0,3
20190619,0,10,2050,,,,,0.0,0.0,0.0,0.0,3
20190619,0,11,1955,,,,,0.0,0.0,0.0,0.0,3
20190619,0,14,1746,,,,,0.0,0.0,0.0,0.0,3
20190619,0,15,1626,,,,,0.0,0.0,0.0,0.0,3
20190619,0,16,1592,,,,,0.0,0.0,0.0,0.0,3
20190619,0,17,1388,,,,,0.0,0.0,0.0,0.0,3
20190626,0,6,879,0.0,0.0,,1.6999999999999875,0.0,0.0,0.0,0.0,3
20190626,0,7,1226,0.0,0.0,,1.6999999999999875,0.0,0.0,0.0,0.0,3
20190626,0,8,1464,0.0,0.0,,1.6999999999999875,0.0,0.0,0.0,0.0,3
20190626,0,9,1713,0.0,0.0,,1.6999999999999875,0.0,0.0,0.0,0.0,3
20190626,0,11,2026,0.0,0.0,,1.6999999999999875,0.0,0.0,0.0,0.0,3
20190626,0,12,1740,0.0,0.0,,1.6999999999999875,0.0,0.0,0.0,0.0,3
20190626,0,13,1644,0.0,0.0,,1.6999999999999875,0.0,0.0,0.0,0.0,3
20190626,0,14,1727,0.0,0.0,,1.6999999999999875,0.0,0.0,0.0,0.0,3
20190626,0,16,1678,0.0,0.0,,1.6999999999999875,0.0,0.0,0.0,0.0,3
20190626,0,17,1351,0.0,0.0,,1.6999999999999875,0.0,0.0,0.0,0.0,3
20190626,0,18,1127,0.0,0.0,,1.6999999999999875,0.0,0.0,0.0,0.0,3
20190626,0,20,767,0.0,0.0,,1.6999999999999875,0.0,0.0,0.0,0.0,3
20190626,0,21,536,0.0,0.0,,1.6999999999999875,0.0,0.0,0.0,0.0,3
20190626,0,22,373,0.0,0.0,,1.6999999999999875,0.0,0.0,0.0,0.0,3
20190703,0,7,1512,0.0,0.0,,0.0,0.0,0.0,0.0,0.0,3
20190703,0,8,2029,0.0,0.0,,0.0,0.0,0.0,0.0,0.0,3
20190703,0,9,2704,0.0,0.0,,0.0,0.0,0.0,0.0,0.0,3
20190703,0,11,2935,0.0,0.0,,0.0,0.0,0.0,0.0,0.0,3
20190703,0,13,3128,0.0,0.0,,0.0,0.0,0.0,0.0,0.0,3
20190703,0,14,3140,0.0,0.0,,0.0,0.0,0.0,0.0,0.0,3
20190703,0,15,3106,0.0,0.0,,0.0,0.0,0.0,0.0,0.0,3
20190703,0,16,3109,0.0,0.0,,0.0,0.0,0.0,0.0,0.0,3
20190703,0,17,3192,0.0,0.0,,0.0,0.0,0.0,0.0,0.0,3
20190703,0,19,3075,0.0,0.0,,0.0,0.0,0.0,0.0,0.0,3
20190703,0,20,2749,0.0,0.0,,0.0,0.0,0.0,0.0,0.0,3
20190703,0,21,1671,0.0,0.0,,0.0,0.0,0.0,0.0,0.0,3
20190710,0,7,1291,0.0,0.0,,0.0,0.0,0.0,0.0,0.0,3
20190710,0,8,1531,0.0,0.0,,0.0,0.0,0.0,0.0,0.0,3
20190710,0,9,1983,0.0,0.0,,0.0,0.0,0.0,0.0,0.0,3
20190710,0,10,2157,0.0,0.0,,0.0,0.0,0.0,0.0,0.0,3
20190710,0,11,2080,0.0,0.0,,0.0,0.0,0.0,0.0,0.0,3
20190710,0,12,1885,0.0,0.0,,0.0,0.0,0.0,0.0,0.0,3
20190710,0,14,1836,0.0,0.0,,0.0,0.0,0.0,0.0,0.0,3
20190710,0,15,1660,0.0,0.0,,0.0,0.0,0.0,0.0,0.0,3
20190710,0,16,1695,0.0,0.0,,0.0,0.0,0.0,0.0,0.0,3
20190710,0,17,1424,0.0,0.0,,0.0,0.0,0.0,0.0,0.0,3
20190710,0,18,1262,0.0,0.0,,0.0,0.0,0.0,0.0,0.0,3
20190717,0,7,1278,0.0,0.0,0.0,0.0,0.0,0.0,0.0,0.0,3
20190717,0,8,1681,0.0,0.0,0.0,0.0,0.0,0.0,0.0,0.0,3
20190717,0,9,2135,0.0,0.0,0.0,0.0,0.0,0.0,0.0,0.0,3
20190717,0,10,2371,0.0,0.0,0.0,0.0,0.0,0.0,0.0,0.0,3
20190717,0,11,2302,0.0,0.0,0.0,0.0,0.0,0.0,0.0,0.0,3
20190717,0,13,1900,0.0,0.0,0.0,0.0,0.0,0.0,0.0,0.0,3
20190717,0,14,2036,0.0,0.0,0.0,0.0,0.0,0.0,0.0,0.0,3
20190717,0,15,1983,0.0,0.0,0.0,0.0,0.0,0.0,0.0,0.0,3
20190717,0,16,1825,0.0,0.0,0.0,0.0,0.0,0.0,0.0,0.0,3
20190717,0,17,1588,0.0,0.0,0.0,0.0,0.0,0.0,0.0,0.0,3
20190717,0,18,1302,0.0,0.0,0.0,0.0,0.0,0.0,0.0,0.0,3
20190724,0,7,1419,0.0,0.0,,0.0,0.0,0.0,0.0,0.0,3
20190724,0,8,1602,0.0,0.0,,0.0,0.0,0.0,0.0,0.0,3
20190724,0,9,2051,0.0,0.0,,0.0,0.0,0.0,0.0,0.0,3
20190724,0,10,2217,0.0,0.0,,0.0,0.0,0.0,0.0,0.0,3
20190724,0,11,2276,0.0,0.0,,0.0,0.0,0.0,0.0,0.0,3
20190724,0,12,2040,0.0,0.0,,0.0,0.0,0.0,0.0,0.0,3
20190724,0,13,1906,0.0,0.0,,0.0,0.0,0.0,0.0,0.0,3
20190724,0,14,1930,0.0,0.0,,0.0,0.0,0.0,0.0,0.0,3
20190724,0,15,1788,0.0,0.0,,0.0,0.0,0.0,0.0,0.0,3
20190724,0,16,1731,0.0,0.0,,0.0,0.0,0.0,0.0,0.0,3
20190724,0,17,1513,0.0,0.0,,0.0,0.0,0.0,0.0,0.0,3
20190724,0,18,1259,0.0,0.0,,0.0,0.0,0.0,0.0,0.0,3
20190731,0,7,1291,0.0,0.0,0.0,0.0,0.0,0.0,0.0,0.0,3
20190731,0,9,2010,0.0,0.0,0.0,0.0,0.0,0.0,0.0,0.0,3
20190731,0,10,2158,0.0,0.0,0.0,0.0,0.0,0.0,0.0,0.0,3
20190731,0,11,2155,0.0,0.0,0.0,0.0,0.0,0.0,0.0,0.0,3
20190731,0,12,1845,0.0,0.0,0.0,0.0,0.0,0.0,0.0,0.0,3
20190731,0,13,2003,0.0,0.0,0.0,0.0,0.0,0.0,0.0,0.0,3
20190731,0,14,1860,0.0,0.0,0.0,0.0,0.0,0.0,0.0,0.0,3
20190731,0,15,1845,0.0,0.0,0.0,0.0,0.0,0.0,0.0,0.0,3
20190731,0,16,1764,0.0,0.0,0.0,0.0,0.0,0.0,0.0,0.0,3
20190731,0,17,1398,0.0,0.0,0.0,0.0,0.0,0.0,0.0,0.0,3
20190731,0,18,1363,0.0,0.0,0.0,0.0,0.0,0.0,0.0,0.0,3
20190805,0,0,190,0.09,0.0,0.0,0.0,0.0,0.0,0.0,0.0,1
20190805,0,1,121,0.09,0.0,0.0,0.0,0.0,0.0,0.0,0.0,1
20190805,0,2,117,0.09,0.0,0.0,0.0,0.0,0.0,0.0,0.0,1
20190805,0,3,144,0.09,0.0,0.0,0.0,0.0,0.0,0.0,0.0,1
20190805,0,4,307,0.09,0.0,0.0,0.0,0.0,0.0,0.0,0.0,1
20190805,0,5,789,0.09,0.0,0.0,0.0,0.0,0.0,0.0,0.0,1
20190805,0,6,1116,0.09,0.0,0.0,0.0,0.0,0.0,0.0,0.0,1
20190805,0,7,1291,0.09,0.0,0.0,0.0,0.0,0.0,0.0,0.0,1
20190805,0,8,1595,0.09,0.0,0.0,0.0,0.0,0.0,0.0,0.0,1
20190805,0,16,1584,0.09,0.0,0.0,0.0,0.0,0.0,0.0,0.0,1
20190805,0,17,1295,0.09,0.0,0.0,0.0,0.0,0.0,0.0,0.0,1
20190805,0,18,1187,0.09,0.0,0.0,0.0,0.0,0.0,0.0,0.0,1
20190805,0,19,878,0.09,0.0,0.0,0.0,0.0,0.0,0.0,0.0,1
20190805,0,20,660,0.09,0.0,0.0,0.0,0.0,0.0,0.0,0.0,1
20190805,0,21,485,0.09,0.0,0.0,0.0,0.0,0.0,0.0,0.0,1
20190805,0,22,359,0.09,0.0,0.0,0.0,0.0,0.0,0.0,0.0,1
20190805,0,23,281,0.09,0.0,0.0,0.0,0.0,0.0,0.0,0.0,1
20190807,0,7,1292,0.0,0.0,,0.0,0.0,0.0,0.0,0.0,3
20190807,0,8,1556,0.0,0.0,,0.0,0.0,0.0,0.0,0.0,3
20190807,0,9,1973,0.0,0.0,,0.0,0.0,0.0,0.0,0.0,3
20190807,0,10,2114,0.0,0.0,,0.0,0.0,0.0,0.0,0.0,3
20190807,0,11,2373,0.0,0.0,,0.0,0.0,0.0,0.0,0.0,3
20190807,0,12,1963,0.0,0.0,,0.0,0.0,0.0,0.0,0.0,3
20190807,0,13,1830,0.0,0.0,,0.0,0.0,0.0,0.0,0.0,3
20190807,0,14,1898,0.0,0.0,,0.0,0.0,0.0,0.0,0.0,3
20190807,0,15,1800,0.0,0.0,,0.0,0.0,0.0,0.0,0.0,3
20190807,0,16,1670,0.0,0.0,,0.0,0.0,0.0,0.0,0.0,3
20190807,0,17,1480,0.0,0.0,,0.0,0.0,0.0,0.0,0.0,3
20190807,0,18,1334,0.0,0.0,,0.0,0.0,0.0,0.0,0.0,3
20190814,0,7,1213,0.0,0.0,,0.0,0.0,0.0,0.0,0.0,3
20190814,0,8,1517,0.0,0.0,,0.0,0.0,0.0,0.0,0.0,3
20190814,0,9,1859,0.0,0.0,,0.0,0.0,0.0,0.0,0.0,3
20190814,0,10,2229,0.0,0.0,,0.0,0.0,0.0,0.0,0.0,3
20190814,0,11,1964,0.0,0.0,,0.0,0.0,0.0,0.0,0.0,3
20190814,0,12,1786,0.0,0.0,,0.0,0.0,0.0,0.0,0.0,3
20190814,0,13,1698,0.0,0.0,,0.0,0.0,0.0,0.0,0.0,3
20190814,0,14,1719,0.0,0.0,,0.0,0.0,0.0,0.0,0.0,3
20190814,0,15,1682,0.0,0.0,,0.0,0.0,0.0,0.0,0.0,3
20190814,0,16,1550,0.0,0.0,,0.0,0.0,0.0,0.0,0.0,3
20190814,0,17,1465,0.0,0.0,,0.0,0.0,0.0,0.0,0.0,3
20190814,0,18,1240,0.0,0.0,,0.0,0.0,0.0,0.0,0.0,3
20190821,0,8,1435,0.0,0.0,,0.0,0.0,0.0,0.0,0.0,3
20190821,0,9,1758,0.0,0.0,,0.0,0.0,0.0,0.0,0.0,3
20190821,0,10,1947,0.0,0.0,,0.0,0.0,0.0,0.0,0.0,3
20190821,0,11,1775,0.0,0.0,,0.0,0.0,0.0,0.0,0.0,3
20190821,0,12,1684,0.0,0.0,,0.0,0.0,0.0,0.0,0.0,3
20190821,0,16,1505,0.0,0.0,,0.0,0.0,0.0,0.0,0.0,3
20190821,0,17,1271,0.0,0.0,,0.0,0.0,0.0,0.0,0.0,3
20190828,0,7,1209,0.0,0.0,,0.0,0.0,0.0,0.0,0.0,3
20190828,0,8,1434,0.0,0.0,,0.0,0.0,0.0,0.0,0.0,3
20190828,0,9,1609,0.0,0.0,,0.0,0.0,0.0,0.0,0.0,3
20190828,0,10,1919,0.0,0.0,,0.0,0.0,0.0,0.0,0.0,3
20190828,0,12,1786,0.0,0.0,,0.0,0.0,0.0,0.0,0.0,3
20190828,0,13,1637,0.0,0.0,,0.0,0.0,0.0,0.0,0.0,3
20190828,0,15,1428,0.0,0.0,,0.0,0.0,0.0,0.0,0.0,3
20190828,0,16,1478,0.0,0.0,,0.0,0.0,0.0,0.0,0.0,3
20190828,0,17,1316,0.0,0.0,,0.0,0.0,0.0,0.0,0.0,3
20190904,0,7,1108,0.0,0.0,,0.0,0.0,0.0,0.0,0.0,3
20190904,0,8,1384,0.0,0.0,,0.0,0.0,0.0,0.0,0.0,3
20190904,0,9,1703,0.0,0.0,,0.0,0.0,0.0,0.0,0.0,3
20190904,0,10,1827,0.0,0.0,,0.0,0.0,0.0,0.0,0.0,3
20190904,0,11,1616,0.0,0.0,,0.0,0.0,0.0,0.0,0.0,3
20190904,0,12,1378,0.0,0.0,,0.0,0.0,0.0,0.0,0.0,3
20190904,0,13,1381,0.0,0.0,,0.0,0.0,0.0,0.0,0.0,3
20190904,0,14,1395,0.0,0.0,,0.0,0.0,0.0,0.0,0.0,3
20190904,0,15,1318,0.0,0.0,,0.0,0.0,0.0,0.0,0.0,3
20190904,0,16,1259,0.0,0.0,,0.0,0.0,0.0,0.0,0.0,3
20190904,0,17,1129,0.0,0.0,,0.0,0.0,0.0,0.0,0.0,3
20190911,0,7,1094,0.0,0.0,,0.0,0.0,0.0,0.0,0.0,3
20190911,0,8,1339,0.0,0.0,,0.0,0.0,0.0,0.0,0.0,3
20190911,0,9,1738,0.0,0.0,,0.0,0.0,0.0,0.0,0.0,3
20190911,0,10,1769,0.0,0.0,,0.0,0.0,0.0,0.0,0.0,3
20190911,0,11,1701,0.0,0.0,,0.0,0.0,0.0,0.0,0.0,3
20190911,0,12,1477,0.0,0.0,,0.0,0.0,0.0,0.0,0.0,3
20190911,0,13,1411,0.0,0.0,,0.0,0.0,0.0,0.0,0.0,3
20190911,0,14,1484,0.0,0.0,,0.0,0.0,0.0,0.0,0.0,3
20190911,0,15,1390,0.0,0.0,,0.0,0.0,0.0,0.0,0.0,3
20190911,0,16,1327,0.0,0.0,,0.0,0.0,0.0,0.0,0.0,3
20190911,0,17,1208,0.0,0.0,,0.0,0.0,0.0,0.0,0.0,3
20190918,0,7,1225,0.0,0.0,,0.0,0.0,0.0,0.0,0.0,3
20190918,0,8,1455,0.0,0.0,,0.0,0.0,0.0,0.0,0.0,3
20190918,0,9,1684,0.0,0.0,,0.0,0.0,0.0,0.0,0.0,3
20190918,0,10,1923,0.0,0.0,,0.0,0.0,0.0,0.0,0.0,3
20190918,0,11,1738,0.0,0.0,,0.0,0.0,0.0,0.0,0.0,3
20190918,0,12,1619,0.0,0.0,,0.0,0.0,0.0,0.0,0.0,3
20190918,0,14,1565,0.0,0.0,,0.0,0.0,0.0,0.0,0.0,3
20190918,0,15,1499,0.0,0.0,,0.0,0.0,0.0,0.0,0.0,3
20190918,0,16,1458,0.0,0.0,,0.0,0.0,0.0,0.0,0.0,3
20190918,0,17,1252,0.0,0.0,,0.0,0.0,0.0,0.0,0.0,3
20190925,0,7,1166,0.0,0.0,,0.0,0.0,0.0,0.0,0.0,3
20190925,0,8,1393,0.0,0.0,,0.0,0.0,0.0,0.0,0.0,3
20190925,0,9,1899,0.0,0.0,,0.0,0.0,0.0,0.0,0.0,3
20190925,0,10,2008,0.0,0.0,,0.0,0.0,0.0,0.0,0.0,3
20190925,0,12,1633,0.0,0.0,,0.0,0.0,0.0,0.0,0.0,3
20190925,0,13,1583,0.0,0.0,,0.0,0.0,0.0,0.0,0.0,3
20190925,0,14,1534,0.0,0.0,,0.0,0.0,0.0,0.0,0.0,3
20190925,0,15,1475,0.0,0.0,,0.0,0.0,0.0,0.0,0.0,3
20190925,0,16,1451,0.0,0.0,,0.0,0.0,0.0,0.0,0.0,3
20190925,0,17,1227,0.0,0.0,,0.0,0.0,0.0,0.0,0.0,3
20191002,0,7,1072,0.0,0.0,,0.0,0.0,0.0,0.0,0.0,3
20191002,0,8,1276,0.0,0.0,,0.0,0.0,0.0,0.0,0.0,3
20191002,0,9,1680,0.0,0.0,,0.0,0.0,0.0,0.0,0.0,3
20191002,0,10,1834,0.0,0.0,,0.0,0.0,0.0,0.0,0.0,3
20191002,0,11,1668,0.0,0.0,,0.0,0.0,0.0,0.0,0.0,3
20191002,0,12,1474,0.0,0.0,,0.0,0.0,0.0,0.0,0.0,3
20191002,0,13,1433,0.0,0.0,,0.0,0.0,0.0,0.0,0.0,3
20191002,0,14,1383,0.0,0.0,,0.0,0.0,0.0,0.0,0.0,3
20191002,0,15,1422,0.0,0.0,,0.0,0.0,0.0,0.0,0.0,3
20191002,0,16,1313,0.0,0.0,,0.0,0.0,0.0,0.0,0.0,3
20191009,0,7,1195,0.0,0.0,,0.0,0.0,0.0,0.0,0.0,3
20191009,0,8,1458,0.0,0.0,,0.0,0.0,0.0,0.0,0.0,3
20191009,0,9,1763,0.0,0.0,,0.0,0.0,0.0,0.0,0.0,3
20191009,0,10,1938,0.0,0.0,,0.0,0.0,0.0,0.0,0.0,3
20191009,0,11,1779,0.0,0.0,,0.0,0.0,0.0,0.0,0.0,3
20191009,0,12,1553,0.0,0.0,,0.0,0.0,0.0,0.0,0.0,3
20191009,0,13,1571,0.0,0.0,,0.0,0.0,0.0,0.0,0.0,3
20191009,0,15,2028,0.0,0.0,,0.0,0.0,0.0,0.0,0.0,3
20191009,0,16,1436,0.0,0.0,,0.0,0.0,0.0,0.0,0.0,3
20191009,0,17,1232,0.0,0.0,,0.0,0.0,0.0,0.0,0.0,3
20191016,0,6,924,0.0,0.0,,2.8,0.0,0.0,0.0,0.0,3
20191016,0,7,1081,0.0,0.0,,2.8,0.0,0.0,0.0,0.0,3
20191016,0,8,1340,0.0,0.0,,2.8,0.0,0.0,0.0,0.0,3
20191016,0,9,1668,0.0,0.0,,2.8,0.0,0.0,0.0,0.0,3
20191016,0,10,1711,0.0,0.0,,2.8,0.0,0.0,0.0,0.0,3
20191016,0,11,1658,0.0,0.0,,2.8,0.0,0.0,0.0,0.0,3
20191016,0,12,1487,0.0,0.0,,2.8,0.0,0.0,0.0,0.0,3
20191016,0,14,1455,0.0,0.0,,2.8,0.0,0.0,0.0,0.0,3
20191016,0,15,1447,0.0,0.0,,2.8,0.0,0.0,0.0,0.0,3
20191016,0,16,1368,0.0,0.0,,2.8,0.0,0.0,0.0,0.0,3
20191016,0,17,1246,0.0,0.0,,2.8,0.0,0.0,0.0,0.0,3
20191016,0,18,978,0.0,0.0,,2.8,0.0,0.0,0.0,0.0,3
20191016,0,19,814,0.0,0.0,,2.8,0.0,0.0,0.0,0.0,3
20191016,0,20,621,0.0,0.0,,2.8,0.0,0.0,0.0,0.0,3
20191016,0,21,383,0.0,0.0,,2.8,0.0,0.0,0.0,0.0,3
20191016,0,22,306,0.0,0.0,,2.8,0.0,0.0,0.0,0.0,3
20191016,0,23,321,0.0,0.0,,2.8,0.0,0.0,0.0,0.0,3
20191106,0,7,1144,0.0,0.0,,0.1999999999999991,0.0,0.0,0.0,0.0,3
20191106,0,8,1266,0.0,0.0,,0.1999999999999991,0.0,0.0,0.0,0.0,3
20191106,0,9,1606,0.0,0.0,,0.1999999999999991,0.0,0.0,0.0,0.0,3
20191106,0,10,1404,0.0,0.0,,0.1999999999999991,0.0,0.0,0.0,0.0,3
20191106,0,11,1228,0.0,0.0,,0.1999999999999991,0.0,0.0,0.0,0.0,3
20191106,0,12,1137,0.0,0.0,,0.1999999999999991,0.0,0.0,0.0,0.0,3
20191106,0,13,1147,0.0,0.0,,0.1999999999999991,0.0,0.0,0.0,0.0,3
20191106,0,14,1149,0.0,0.0,,0.1999999999999991,0.0,0.0,0.0,0.0,3
20191106,0,15,1090,0.0,0.0,,0.1999999999999991,0.0,0.0,0.0,0.0,3
20191106,0,16,1096,0.0,0.0,,0.1999999999999991,0.0,0.0,0.0,0.0,3
20191113,0,7,1123,0.0,0.0,,0.0,0.0,0.0,0.0,0.0,3
20191113,0,8,1404,0.0,0.0,,0.0,0.0,0.0,0.0,0.0,3
20191113,0,9,1505,0.0,0.0,,0.0,0.0,0.0,0.0,0.0,3
20191113,0,10,1245,0.0,0.0,,0.0,0.0,0.0,0.0,0.0,3
20191113,0,11,1166,0.0,0.0,,0.0,0.0,0.0,0.0,0.0,3
20191113,0,13,966,0.0,0.0,,0.0,0.0,0.0,0.0,0.0,3
20191113,0,14,971,0.0,0.0,,0.0,0.0,0.0,0.0,0.0,3
20191113,0,15,1142,0.0,0.0,,0.0,0.0,0.0,0.0,0.0,3
20191113,0,16,1096,0.0,0.0,,0.0,0.0,0.0,0.0,0.0,3
20191120,0,7,1010,0.0,0.0,,0.0,0.0,0.0,0.0,0.0,3
20191120,0,8,1262,0.0,0.0,,0.0,0.0,0.0,0.0,0.0,3
20191120,0,9,1278,0.0,0.0,,0.0,0.0,0.0,0.0,0.0,3
20191120,0,10,1167,0.0,0.0,,0.0,0.0,0.0,0.0,0.0,3
20191120,0,11,1064,0.0,0.0,,0.0,0.0,0.0,0.0,0.0,3
20191120,0,12,1009,0.0,0.0,,0.0,0.0,0.0,0.0,0.0,3
20191120,0,13,966,0.0,0.0,,0.0,0.0,0.0,0.0,0.0,3
20191120,0,14,928,0.0,0.0,,0.0,0.0,0.0,0.0,0.0,3
