COUNTSTATIONID,COUNTDATE,COUNTDIR,HOUR0,HOUR1,HOUR2,HOUR3,HOUR4,HOUR5,HOUR6,HOUR7,HOUR8,HOUR9,HOUR10,HOUR11,HOUR12,HOUR13,HOUR14,HOUR15,HOUR16,HOUR17,HOUR18,HOUR19,HOUR20,HOUR21,HOUR22,HOUR23,FormattedDate
000223,20200101,P,17,11,10,7,10,18,44,90,134,228,328,507,688,764,968,791,828,756,567,276,175,94,53,17,01/01/2020
000223,20200101,S,18,7,13,13,15,15,56,327,592,562,517,517,490,625,402,322,235,184,148,118,89,72,34,20,01/01/2020
000223,20200102,P,10,7,6,5,9,25,58,113,175,222,288,496,537,594,503,710,690,622,440,191,130,66,44,19,01/02/2020
000223,20200102,S,17,8,8,7,9,53,134,206,439,552,570,536,363,330,283,300,303,240,214,152,151,83,57,40,01/02/2020
000223,20200103,P,12,6,0,4,6,19,60,119,159,210,250,466,402,493,619,652,789,739,445,199,106,72,35,14,01/03/2020
000223,20200103,S,26,11,10,6,10,37,121,203,454,616,527,539,462,463,489,412,431,489,432,323,333,222,120,63,01/03/2020
000223,20200104,P,13,4,6,9,9,22,40,88,148,187,275,462,506,579,828,943,984,963,829,374,221,101,50,34,01/04/2020
000223,20200104,S,28,17,12,5,12,39,207,799,831,751,575,607,585,442,399,326,238,203,151,121,121,79,32,40,01/04/2020
000223,20200105,P,11,11,5,11,10,19,47,82,164,233,499,897,860,905,949,958,984,935,633,351,255,148,57,6,01/05/2020
000223,20200105,S,22,12,5,6,9,16,102,774,790,589,480,399,306,217,172,192,209,160,120,97,98,53,38,25,01/05/2020
000223,20200106,P,13,6,4,4,10,19,63,92,147,168,228,311,291,314,401,412,463,320,183,106,54,32,15,16,01/06/2020
000223,20200106,S,26,11,9,9,6,45,132,91,277,385,277,231,168,147,138,158,152,142,112,104,62,51,38,20,01/06/2020
000223,20200107,P,6,6,3,2,9,18,46,56,86,143,149,223,211,211,323,404,483,369,243,110,50,33,11,9,01/07/2020
000223,20200107,S,11,13,5,4,11,72,141,106,317,441,339,317,207,152,124,144,183,163,118,94,68,64,42,30,01/07/2020
000223,20200108,P,6,7,1,4,4,18,45,68,126,128,175,198,178,260,296,361,506,358,222,110,52,22,16,18,01/08/2020
000223,20200108,S,14,11,6,6,15,64,130,107,326,368,345,223,226,151,163,169,202,181,135,100,113,79,63,21,01/08/2020
000223,20200109,P,7,7,4,5,5,15,64,57,92,134,178,197,213,250,268,365,437,373,236,111,61,33,34,19,01/09/2020
000223,20200109,S,13,11,12,10,12,54,143,111,261,331,371,315,184,143,164,247,214,272,223,185,158,113,85,49,01/09/2020
000223,20200110,P,12,4,6,8,7,15,50,79,111,115,168,199,222,317,442,565,604,489,277,135,56,40,35,18,01/10/2020
000223,20200110,S,21,13,14,5,11,41,124,178,471,636,484,374,299,264,304,352,500,651,703,650,678,377,194,97,01/10/2020
000223,20200111,P,17,3,5,3,4,19,57,50,94,124,194,225,312,439,707,817,873,749,727,303,141,98,57,27,01/11/2020
000223,20200111,S,41,22,20,5,13,32,190,851,765,721,643,574,542,371,253,246,268,232,173,147,112,74,74,55,01/11/2020
000223,20200112,P,12,8,10,5,7,18,29,47,103,146,432,707,862,996,1001,1032,953,926,918,491,382,215,57,21,01/12/2020
000223,20200112,S,26,11,7,7,6,25,105,770,870,641,357,326,271,185,141,163,151,124,91,97,60,43,46,19,01/12/2020
000223,20200113,P,10,7,4,2,7,24,71,130,200,172,187,210,204,272,320,403,329,305,184,96,44,31,25,14,01/13/2020
000223,20200113,S,10,15,8,5,9,56,108,101,303,349,255,205,168,128,104,175,133,146,123,81,69,44,31,26,01/13/2020
000223,20200114,P,6,1,3,4,6,15,58,68,76,140,162,152,157,233,308,392,424,324,220,101,50,32,23,9,01/14/2020
000223,20200114,S,14,7,4,3,13,63,141,97,288,332,336,275,156,111,131,137,159,160,111,89,75,56,62,35,01/14/2020
000223,20200115,P,4,6,3,2,3,12,62,66,96,150,121,185,209,227,354,444,495,363,240,111,37,26,22,9,01/15/2020
000223,20200115,S,29,14,9,6,13,74,148,130,370,459,358,258,175,129,112,188,183,192,125,95,91,61,48,36,01/15/2020
000223,20200116,P,7,2,3,6,8,11,49,59,119,152,198,147,164,212,287,434,491,384,264,123,62,37,22,18,01/16/2020
000223,20200116,S,17,17,6,17,12,61,159,115,287,379,284,352,178,261,198,202,264,282,205,190,167,122,104,88,01/16/2020
000223,20200117,P,5,8,4,7,8,12,61,65,87,124,176,176,228,249,281,98,123,567,500,135,62,41,22,10,01/17/2020
000223,20200117,S,41,26,19,10,16,38,112,162,380,516,467,386,347,356,377,425,593,775,643,583,600,536,329,131,01/17/2020
000223,20200118,P,11,4,6,3,7,20,26,34,74,99,158,253,298,437,622,678,757,819,491,300,132,77,58,40,01/18/2020
000223,20200118,S,80,38,26,21,14,51,293,790,826,682,555,534,615,561,487,409,358,303,262,203,126,103,79,36,01/18/2020
000223,20200119,P,10,15,1,3,7,17,31,53,88,169,318,582,651,807,809,947,913,896,502,338,218,168,73,22,01/19/2020
000223,20200119,S,23,10,7,7,6,29,108,645,676,609,538,413,364,264,180,166,123,137,98,81,68,68,35,38,01/19/2020
000223,20200120,P,13,4,5,5,15,35,70,121,244,345,514,834,805,809,824,916,757,677,357,264,135,70,32,18,01/20/2020
000223,20200120,S,20,11,3,10,10,61,146,314,474,448,362,301,208,161,131,139,141,122,96,76,56,48,39,21,01/20/2020
000223,20200121,P,8,2,3,3,6,17,69,84,123,166,181,202,202,242,259,277,349,303,189,95,33,21,20,7,01/21/2020
000223,20200121,S,10,5,4,9,13,67,125,101,273,291,245,231,156,148,130,140,141,160,95,79,72,51,38,26,01/21/2020
000223,20200122,P,5,3,6,2,9,12,55,74,93,110,133,159,184,222,293,367,369,299,159,108,53,33,15,8,01/22/2020
000223,20200122,S,16,15,1,7,19,63,136,107,343,385,316,231,161,122,128,142,156,175,140,89,99,67,56,24,01/22/2020
000223,20200123,P,3,6,7,2,5,10,44,71,82,112,149,152,176,267,324,441,401,425,209,115,49,30,18,9,01/23/2020
000223,20200123,S,26,12,8,10,20,58,120,145,383,506,373,307,200,203,215,242,275,290,223,204,220,147,84,55,01/23/2020
000223,20200124,P,8,9,8,11,6,11,14,134,83,107,152,169,203,310,421,520,593,541,271,144,68,52,16,20,01/24/2020
000223,20200124,S,34,12,21,12,22,64,124,169,483,613,523,308,437,469,471,472,639,748,802,786,782,628,254,134,01/24/2020
000223,20200125,P,10,2,10,9,2,11,44,51,83,106,176,227,293,449,610,810,840,984,620,315,179,110,49,36,01/25/2020
000223,20200125,S,51,33,14,2,17,52,253,771,762,670,566,538,524,428,333,263,256,229,195,129,116,85,60,44,01/25/2020
000223,20200126,P,16,11,0,8,10,13,41,76,132,243,511,838,976,975,935,902,882,928,881,855,922,535,96,30,01/26/2020
000223,20200126,S,25,11,9,8,3,13,105,805,812,586,432,354,256,184,150,139,173,158,113,103,69,57,37,18,01/26/2020
000223,20200127,P,8,4,5,7,15,22,99,192,203,186,228,270,281,254,287,305,289,314,227,96,32,18,31,17,01/27/2020
000223,20200127,S,10,6,7,9,12,55,103,93,214,248,267,203,138,113,147,139,109,144,81,77,51,56,23,14,01/27/2020
000223,20200128,P,5,2,4,6,3,14,57,71,102,120,154,172,192,242,284,379,415,351,211,93,32,32,29,15,01/28/2020
000223,20200128,S,13,9,5,5,18,52,126,87,258,409,302,231,186,132,122,114,152,178,121,82,75,56,50,20,01/28/2020
000223,20200129,P,6,2,6,3,3,15,56,79,103,146,156,142,162,200,266,321,346,300,176,98,60,32,27,10,01/29/2020
000223,20200129,S,18,12,7,10,16,61,130,108,277,322,297,223,150,126,129,155,162,185,134,106,73,85,43,28,01/29/2020
000223,20200130,P,8,5,4,2,6,8,49,81,85,115,137,137,170,245,343,433,451,360,201,107,37,27,18,10,01/30/2020
000223,20200130,S,26,15,7,11,13,52,136,162,371,449,371,261,185,164,179,176,214,222,181,180,160,135,90,69,01/30/2020
000223,20200131,P,12,3,3,3,5,20,38,67,84,144,169,180,202,288,395,507,630,514,270,129,70,41,32,19,01/31/2020
000223,20200131,S,38,23,10,18,11,50,130,159,497,430,515,551,397,309,343,425,574,637,691,705,657,426,229,104,01/31/2020
000223,20200201,P,5,9,7,8,6,16,32,43,88,142,196,291,307,401,613,805,955,992,500,269,149,91,52,26,02/01/2020
000223,20200201,S,52,38,25,12,14,35,254,767,754,627,588,580,447,336,290,271,297,251,208,157,120,73,70,36,02/01/2020
000223,20200202,P,9,8,4,8,8,23,28,79,148,283,556,802,869,968,945,931,953,829,382,218,181,235,122,29,02/02/2020
000223,20200202,S,18,15,6,9,4,8,89,688,683,458,329,339,265,217,204,215,207,148,115,90,69,81,64,34,02/02/2020
000223,20200203,P,9,7,0,6,11,25,59,172,218,228,303,334,255,205,250,274,297,221,121,69,27,11,10,4,02/03/2020
000223,20200203,S,20,7,6,13,11,40,136,131,284,267,264,200,191,135,107,103,99,93,105,55,36,33,26,14,02/03/2020
000223,20200204,P,7,3,6,2,6,16,35,43,49,76,118,190,175,191,234,265,344,361,177,76,37,22,14,17,02/04/2020
000223,20200204,S,10,13,2,11,10,48,108,61,196,246,131,147,115,118,102,113,100,96,94,78,51,46,35,24,02/04/2020
000223,20200205,P,4,2,7,2,4,17,38,58,129,120,176,207,190,203,197,276,329,279,172,95,56,30,29,18,02/05/2020
000223,20200205,S,14,16,5,10,11,25,77,82,209,265,278,228,181,142,167,177,200,215,151,123,106,94,53,31,02/05/2020
000223,20200206,P,6,4,6,6,7,10,58,54,68,120,113,144,122,174,234,265,298,278,183,108,42,42,21,27,02/06/2020
000223,20200206,S,20,7,9,10,12,65,133,94,273,298,270,242,199,208,223,262,434,402,313,285,479,368,227,136,02/06/2020
000223,20200207,P,9,6,7,5,4,7,26,53,28,52,82,151,137,123,329,390,173,260,475,162,69,27,32,18,02/07/2020
000223,20200207,S,55,66,39,20,22,48,151,373,858,935,474,509,288,58,64,92,95,97,82,57,82,131,135,297,02/07/2020
000223,20200208,P,10,5,5,4,4,4,36,55,71,136,224,271,344,490,671,704,703,826,499,267,119,72,29,29,02/08/2020
000223,20200208,S,130,58,19,10,18,70,342,689,797,959,740,515,643,491,350,308,288,218,185,154,142,92,73,52,02/08/2020
000223,20200209,P,12,4,7,11,11,12,29,53,107,183,339,621,710,839,844,807,733,671,648,360,299,178,69,20,02/09/2020
000223,20200209,S,32,12,6,8,10,16,121,485,643,305,252,201,188,152,120,110,111,113,90,68,36,39,27,10,02/09/2020
000223,20200210,P,6,5,8,8,6,16,74,135,205,217,179,239,258,381,432,516,522,317,306,99,46,20,21,13,02/10/2020
000223,20200210,S,20,7,7,5,8,48,84,140,434,526,358,243,161,132,125,122,126,137,108,56,53,45,25,24,02/10/2020
000223,20200211,P,4,4,4,1,2,17,46,70,93,139,163,134,238,206,327,343,487,403,217,125,51,27,21,15,02/11/2020
000223,20200211,S,12,10,6,2,12,49,121,94,235,394,426,291,206,127,135,143,146,158,129,80,56,51,67,37,02/11/2020
000223,20200212,P,8,1,6,7,6,10,60,72,114,143,162,141,202,200,268,323,350,338,190,108,48,34,16,17,02/12/2020
000223,20200212,S,16,16,11,8,14,67,132,91,275,362,298,270,164,133,128,158,170,150,104,101,82,63,46,29,02/12/2020
000223,20200213,P,6,3,5,3,2,10,27,59,93,123,140,172,206,218,313,371,450,374,221,77,46,37,20,22,02/13/2020
000223,20200213,S,25,20,11,7,14,44,123,106,275,371,353,289,259,167,189,277,346,321,336,304,262,269,202,100,02/13/2020
000223,20200214,P,8,6,7,3,3,14,44,62,77,126,143,161,209,270,396,507,697,576,391,155,73,35,27,14,02/14/2020
000223,20200214,S,46,38,21,17,13,44,136,205,559,514,566,580,557,541,524,573,614,677,707,717,490,435,237,135,02/14/2020
000223,20200215,P,9,5,4,5,8,12,43,57,96,124,214,274,292,408,551,761,702,671,415,207,127,68,50,36,02/15/2020
000223,20200215,S,72,42,41,10,16,31,286,649,647,440,356,498,559,448,390,402,358,321,222,179,157,111,73,40,02/15/2020
000223,20200216,P,13,0,6,3,5,8,30,36,82,182,327,527,686,807,728,964,818,743,614,310,215,140,58,27,02/16/2020
000223,20200216,S,35,16,10,10,8,26,159,816,542,402,387,383,352,304,213,188,181,134,108,89,62,62,46,29,02/16/2020
000223,20200217,P,10,8,3,8,10,19,52,124,142,299,479,762,873,988,941,883,769,677,456,225,176,77,40,20,02/17/2020
000223,20200217,S,16,12,12,10,6,33,113,568,645,402,346,273,242,166,150,186,150,122,105,69,58,21,32,29,02/17/2020
000223,20200218,P,4,8,4,1,6,16,52,110,164,166,229,247,277,315,393,463,598,486,268,145,62,33,20,21,02/18/2020
000223,20200218,S,17,11,7,6,12,53,157,97,387,512,383,254,183,168,133,147,171,177,123,101,77,49,47,31,02/18/2020
000223,20200219,P,6,7,3,4,6,14,44,68,111,139,160,183,174,208,292,397,411,303,190,140,49,20,12,6,02/19/2020
000223,20200219,S,19,11,8,5,18,72,143,112,319,411,249,245,206,153,124,204,192,123,143,90,82,76,64,27,02/19/2020
000223,20200220,P,9,0,6,1,6,11,37,51,90,118,168,171,164,203,285,343,445,403,225,133,56,44,30,14,02/20/2020
000223,20200220,S,37,16,15,9,12,53,156,93,250,398,267,428,266,210,244,242,272,309,273,227,232,199,122,74,02/20/2020
000223,20200221,P,12,5,12,7,7,18,55,77,96,127,206,211,219,322,370,520,610,598,347,167,72,49,42,30,02/21/2020
000223,20200221,S,32,19,16,8,15,49,128,228,530,596,594,618,562,341,438,461,610,685,619,628,729,643,242,139,02/21/2020
000223,20200222,P,15,4,6,6,8,12,57,64,106,140,214,303,322,425,631,840,904,867,624,337,185,117,71,38,02/22/2020
000223,20200222,S,63,38,25,22,34,82,310,700,583,637,632,549,462,337,361,322,331,275,233,171,139,123,71,53,02/22/2020
000223,20200223,P,20,10,6,6,9,11,40,96,171,363,553,1017,976,930,968,1004,975,956,754,327,271,173,62,24,02/23/2020
000223,20200223,S,26,17,13,2,5,14,96,680,775,306,262,248,221,228,162,150,146,125,124,81,70,48,48,21,02/23/2020
000223,20200224,P,7,8,5,6,8,22,60,148,162,109,312,344,276,272,297,310,321,272,168,103,58,24,20,9,02/24/2020
000223,20200224,S,18,14,8,6,15,48,113,121,183,236,237,184,151,120,107,119,133,118,102,65,55,54,33,22,02/24/2020
000223,20200225,P,9,2,6,3,4,16,46,87,96,133,176,178,195,182,191,213,256,220,175,95,42,28,20,19,02/25/2020
000223,20200225,S,9,12,6,5,13,53,96,70,174,196,175,139,153,117,115,133,168,150,135,88,72,64,54,42,02/25/2020
000223,20200226,P,3,1,6,4,5,15,46,79,97,134,183,203,159,211,268,301,352,296,176,88,60,33,18,14,02/26/2020
000223,20200226,S,9,13,4,7,17,55,130,89,252,279,288,235,186,156,165,168,191,184,177,114,81,96,78,36,02/26/2020
000223,20200227,P,3,4,5,7,3,16,47,73,82,145,185,176,164,216,256,347,393,361,172,119,53,35,21,15,02/27/2020
000223,20200227,S,29,21,11,2,9,53,125,112,282,351,347,246,200,170,194,224,250,273,252,164,173,158,111,62,02/27/2020
000223,20200228,P,10,3,6,5,10,17,39,86,101,162,176,196,229,261,388,495,527,462,278,134,94,56,31,19,02/28/2020
000223,20200228,S,40,22,17,9,7,37,112,165,435,514,469,516,352,309,361,489,603,669,743,740,562,475,220,135,02/28/2020
000223,20200301,P,9,11,8,6,8,10,39,82,97,177,247,321,341,369,541,605,800,791,522,216,156,86,54,35,03/01/2020
000223,20200301,S,46,35,22,6,13,32,267,614,652,570,487,421,397,323,287,273,267,236,235,165,144,99,92,39,03/01/2020
000223,20200302,P,19,9,12,4,14,24,35,74,144,324,610,921,1051,997,986,974,903,843,379,317,216,125,52,17,03/02/2020
000223,20200302,S,24,11,7,5,4,17,109,667,568,339,278,290,237,183,192,176,168,143,123,105,54,56,35,28,03/02/2020
000223,20200310,P,9,4,3,5,6,31,90,93,153,147,191,225,189,214,275,314,358,237,149,75,45,30,12,9,03/10/2020
000223,20200310,S,15,10,2,9,37,146,69,172,276,255,233,203,177,158,155,176,188,159,88,108,62,54,34,30,03/10/2020
000223,20200311,P,6,6,8,7,7,42,103,113,146,212,225,196,210,223,382,347,419,235,142,105,42,45,20,5,03/11/2020
000223,20200311,S,15,8,7,12,33,156,73,177,302,377,289,177,165,141,170,212,210,174,140,107,98,66,46,33,03/11/2020
000223,20200312,P,4,4,5,8,8,32,92,100,174,209,218,230,205,236,284,320,369,250,180,75,50,19,12,22,03/12/2020
000223,20200312,S,18,6,7,9,21,148,76,175,316,279,267,242,190,194,203,218,235,241,181,148,142,87,62,32,03/12/2020
000223,20200313,P,5,7,6,2,8,51,98,111,158,198,274,237,211,235,304,386,366,224,132,68,51,25,12,11,03/13/2020
000223,20200313,S,28,13,7,8,26,100,74,218,331,299,274,304,248,296,363,414,452,620,524,375,254,166,81,39,03/13/2020
000223,20200314,P,3,3,4,7,12,28,52,79,127,188,274,270,332,384,435,543,505,328,184,158,119,79,34,13,03/14/2020
000223,20200314,S,23,12,5,7,23,78,443,435,286,320,386,406,373,329,367,371,286,231,179,138,73,74,53,24,03/14/2020
000223,20200315,P,6,2,4,5,9,30,47,104,186,374,609,727,639,581,440,419,410,297,186,174,99,60,20,17,03/15/2020
000223,20200315,S,6,11,8,2,9,26,48,79,110,142,190,215,206,208,223,198,177,109,92,64,53,57,33,7,03/15/2020
000223,20200316,P,6,3,6,7,13,37,82,143,174,216,282,327,289,236,232,214,267,174,159,85,55,28,22,9,03/16/2020
000223,20200316,S,9,7,7,13,20,118,77,96,103,141,145,180,160,153,147,156,155,145,100,92,52,39,19,9,03/16/2020
000223,20200317,P,2,3,4,8,4,37,70,91,108,173,163,192,224,190,201,154,223,139,138,70,39,18,6,7,03/17/2020
000223,20200317,S,16,5,3,9,30,144,52,91,102,118,142,148,134,118,128,124,134,146,63,63,41,19,17,12,03/17/2020
000223,20200318,P,4,2,4,3,8,34,87,72,98,140,143,197,201,194,149,202,243,151,153,64,38,24,4,7,03/18/2020
000223,20200318,S,5,2,7,7,34,146,48,84,110,117,135,127,137,145,127,154,153,147,106,97,50,27,19,11,03/18/2020
000223,20200319,P,6,2,2,1,2,14,48,36,51,63,57,74,84,77,92,73,91,56,70,36,10,13,3,3,03/19/2020
000223,20200319,S,2,6,5,10,27,115,53,36,46,58,55,69,64,67,55,47,51,61,38,21,18,9,7,6,03/19/2020
000223,20200320,P,1,5,1,6,6,17,33,39,66,74,137,147,150,198,193,175,142,140,93,58,17,5,9,4,03/20/2020
000223,20200320,S,4,4,4,5,23,85,83,108,138,146,169,138,145,149,122,107,195,188,117,85,61,39,15,11,03/20/2020
000223,20200321,P,7,6,3,3,4,16,39,33,61,85,163,201,222,252,299,313,276,219,98,49,35,21,7,6,03/21/2020
000223,20200321,S,5,3,7,5,14,33,90,161,225,279,291,265,286,216,178,155,113,62,57,40,27,21,9,8,03/21/2020
000223,20200322,P,2,3,1,2,3,3,15,15,35,66,144,194,250,292,299,270,224,213,135,99,60,19,10,1,03/22/2020
000223,20200322,S,1,2,1,3,9,31,41,95,142,172,203,185,174,145,103,86,81,72,48,32,29,15,6,9,03/22/2020
000223,20200323,P,7,2,1,2,6,27,37,58,62,100,126,131,128,170,137,143,142,137,83,37,38,16,4,3,03/23/2020
000223,20200323,S,9,3,8,8,28,87,67,76,99,92,109,108,95,88,99,76,103,93,66,50,29,22,5,13,03/23/2020
000223,20200324,P,7,5,4,4,7,33,52,50,82,71,105,123,162,167,165,181,198,145,85,54,31,19,5,5,03/24/2020
000223,20200324,S,6,5,1,8,23,119,67,87,121,138,132,135,122,134,108,111,112,115,68,50,39,20,8,6,03/24/2020
000223,20200325,P,1,4,2,0,8,33,44,31,70,76,106,112,111,134,131,159,173,152,91,40,39,23,15,4,03/25/2020
000223,20200325,S,6,2,3,8,30,115,76,89,81,93,105,141,111,96,108,79,106,106,70,65,37,24,11,5,03/25/2020
000223,20200326,P,2,2,4,0,5,37,34,44,48,83,88,98,94,85,96,116,152,123,62,40,19,5,8,1,03/26/2020
000223,20200326,S,4,2,2,10,22,102,73,84,88,87,71,89,100,77,86,88,100,95,68,60,25,18,4,4,03/26/2020
000223,20200327,P,3,5,1,3,6,26,18,24,40,49,80,78,106,98,102,106,110,83,36,21,10,5,3,0,03/27/2020
000223,20200327,S,6,1,1,6,12,76,53,56,69,61,65,88,98,105,100,101,115,101,73,42,30,24,9,4,03/27/2020
000223,20200328,P,1,3,2,3,1,12,10,14,29,48,80,87,94,122,127,127,142,88,39,36,27,14,4,2,03/28/2020
000223,20200328,S,3,1,2,2,8,44,31,69,80,91,89,105,113,107,115,76,63,59,39,20,22,16,14,4,03/28/2020
000223,20200329,P,1,0,1,2,3,16,19,11,21,43,86,142,169,177,203,177,170,129,80,45,27,19,13,3,03/29/2020
000223,20200329,S,4,3,3,1,10,21,22,48,64,69,101,86,89,70,79,60,54,36,43,30,22,9,9,4,03/29/2020
000223,20200330,P,1,3,2,3,6,21,41,46,44,73,76,104,93,89,79,96,130,106,78,30,16,16,5,1,03/30/2020
000223,20200330,S,4,4,3,4,21,95,70,70,49,58,73,70,65,75,67,74,60,61,36,30,24,17,11,3,03/30/2020
000223,20200331,P,3,5,2,2,5,20,32,38,54,60,87,85,94,99,98,124,126,132,78,21,15,11,2,4,03/31/2020
000223,20200331,S,6,4,1,8,33,116,61,73,78,89,73,61,77,60,78,86,81,74,64,38,30,18,5,2,03/31/2020
000223,20200401,P,6,1,3,0,8,33,31,44,40,67,77,99,91,105,91,120,131,140,84,43,18,11,10,1,04/01/2020
000223,20200401,S,5,3,1,7,33,131,57,68,75,84,83,79,79,78,73,81,92,97,56,38,23,20,5,8,04/01/2020
000223,20200402,P,3,1,1,1,3,38,25,30,52,60,56,64,87,76,64,101,111,102,46,29,13,3,4,4,04/02/2020
000223,20200402,S,5,3,1,6,19,102,65,60,69,68,55,59,74,65,59,66,78,83,52,23,22,10,3,4,04/02/2020
000223,20200403,P,3,3,5,1,4,27,23,33,23,47,63,78,93,105,99,113,129,112,96,41,24,8,8,7,04/03/2020
000223,20200403,S,7,3,3,8,13,77,43,66,74,69,76,81,81,107,104,116,125,114,89,57,28,23,10,5,04/03/2020
000223,20200404,P,1,4,1,1,5,30,20,21,19,57,79,111,104,131,137,107,105,105,61,28,35,18,4,3,04/04/2020
000223,20200404,S,4,2,1,4,10,24,25,57,69,90,119,148,105,115,108,89,74,53,44,37,28,15,15,5,04/04/2020
000223,20200405,P,5,1,1,3,2,7,14,12,22,50,95,113,146,155,143,153,137,120,63,66,38,16,4,6,04/05/2020
000223,20200405,S,3,3,3,2,7,17,21,34,58,73,88,69,71,91,82,71,64,66,37,32,21,11,3,2,04/05/2020
000223,20200406,P,2,2,1,3,5,25,27,53,58,54,78,79,92,113,114,128,116,147,78,39,17,12,5,4,04/06/2020
000223,20200406,S,2,2,2,5,19,118,69,66,64,101,86,81,66,64,83,67,71,92,50,27,21,18,11,5,04/06/2020
000223,20200407,P,4,4,2,2,5,31,37,35,51,58,74,73,108,86,88,116,124,102,90,44,22,9,19,7,04/07/2020
000223,20200407,S,3,6,3,7,18,119,52,81,88,64,75,67,80,57,61,67,78,88,63,38,26,17,15,7,04/07/2020
000223,20200408,P,5,2,1,1,6,39,35,41,47,57,63,91,78,92,106,128,144,139,96,23,16,14,8,4,04/08/2020
000223,20200408,S,4,2,1,4,23,116,70,81,79,71,75,80,75,75,78,74,94,108,46,56,37,17,7,11,04/08/2020
000223,20200409,P,9,4,1,1,5,39,32,33,47,63,63,83,75,99,93,123,134,139,94,41,21,21,7,1,04/09/2020
000223,20200409,S,3,0,1,6,10,113,71,83,65,92,100,88,68,74,83,75,104,106,78,57,30,17,8,3,04/09/2020
000223,20200410,P,3,2,3,0,3,29,24,24,57,65,87,105,105,111,113,120,126,108,98,38,24,11,7,2,04/10/2020
000223,20200410,S,2,1,5,5,13,76,56,61,85,88,87,101,78,109,107,84,126,104,85,67,38,17,12,7,04/10/2020
000223,20200411,P,2,2,1,4,8,15,21,20,32,70,90,108,108,123,141,139,125,100,81,51,32,22,13,7,04/11/2020
000223,20200411,S,2,4,1,6,4,34,21,55,54,78,85,105,124,119,113,97,97,86,51,50,28,19,8,8,04/11/2020
000223,20200412,P,1,5,2,0,4,7,4,7,15,23,40,64,78,64,62,77,64,63,43,34,25,12,4,2,04/12/2020
000223,20200412,S,5,1,4,3,2,9,4,14,34,29,37,38,48,42,31,42,46,43,20,18,13,10,5,6,04/12/2020
000223,20200413,P,2,3,2,0,5,15,21,33,37,43,63,69,74,73,85,80,119,102,56,23,17,9,4,1,04/13/2020
000223,20200413,S,4,2,0,5,11,86,82,43,60,82,61,70,51,57,44,49,43,54,38,18,14,12,4,4,04/13/2020
000223,20200414,P,3,3,4,1,4,25,33,25,45,70,80,90,104,112,114,126,142,138,67,35,28,8,3,2,04/14/2020
000223,20200414,S,4,2,0,5,17,114,71,71,82,82,89,87,61,87,64,67,83,105,57,33,19,17,10,5,04/14/2020
000223,20200415,P,4,4,0,4,3,31,43,32,54,70,86,89,85,93,94,118,123,118,75,45,19,8,3,2,04/15/2020
000223,20200415,S,3,2,2,2,17,120,66,78,65,84,72,77,65,80,90,89,90,89,52,36,24,21,5,6,04/15/2020
000223,20200416,P,3,4,3,0,5,25,29,16,19,33,35,38,42,49,61,83,81,85,48,31,26,8,2,2,04/16/2020
000223,20200416,S,3,0,2,3,14,90,61,41,57,40,47,55,50,51,41,49,54,70,44,24,20,10,3,5,04/16/2020
000223,20200417,P,3,4,1,2,3,21,47,24,39,63,120,103,125,123,137,170,164,167,86,55,25,14,7,6,04/17/2020
000223,20200417,S,2,0,1,6,23,82,67,98,133,103,114,127,129,125,117,149,123,173,109,81,39,23,8,10,04/17/2020
000223,20200418,P,5,3,1,4,4,27,14,22,42,65,105,147,165,128,132,133,129,83,56,32,23,9,7,0,04/18/2020
000223,20200418,S,6,2,1,2,8,30,37,83,112,114,121,128,127,94,95,106,91,73,48,31,27,12,2,8,04/18/2020
000223,20200419,P,1,2,4,0,3,8,10,21,23,49,107,145,139,190,188,153,141,133,99,57,39,14,7,4,04/19/2020
000223,20200419,S,4,2,1,4,5,10,15,47,52,79,89,111,117,93,104,75,95,79,46,31,20,16,8,4,04/19/2020
000223,20200420,P,3,2,0,0,4,23,35,45,65,94,94,113,92,135,104,131,125,144,57,45,30,13,6,9,04/20/2020
000223,20200420,S,5,1,4,6,20,116,58,97,93,70,83,103,54,79,77,76,90,87,59,55,31,20,8,4,04/20/2020
000223,20200421,P,6,4,2,3,4,29,41,35,43,63,84,88,78,95,108,119,126,136,88,45,34,9,5,1,04/21/2020
000223,20200421,S,4,2,0,7,25,109,61,62,79,96,83,79,59,82,84,73,87,88,55,44,26,23,6,3,04/21/2020
000223,20200422,P,2,3,3,2,5,39,39,44,65,55,96,100,115,90,108,146,165,144,89,51,28,16,2,6,04/22/2020
000223,20200422,S,3,6,0,6,22,117,88,87,92,109,104,66,79,68,86,80,86,101,79,68,28,16,7,8,04/22/2020
000223,20200423,P,6,3,4,2,4,40,33,35,56,69,73,88,110,115,114,113,111,97,95,35,19,8,6,3,04/23/2020
000223,20200423,S,2,3,1,8,12,93,70,74,69,75,76,74,72,76,78,97,110,113,79,54,38,20,14,4,04/23/2020
000223,20200424,P,2,6,5,0,8,17,34,32,44,79,78,106,80,103,116,122,132,159,73,54,34,14,3,2,04/24/2020
000223,20200424,S,5,3,2,8,17,57,63,78,80,88,102,103,125,103,124,131,144,156,121,91,54,23,13,8,04/24/2020
000223,20200425,P,2,2,0,6,2,15,16,25,44,73,104,121,167,171,205,147,122,121,104,73,32,24,11,3,04/25/2020
000223,20200425,S,4,2,0,6,6,31,54,80,102,119,121,148,140,125,140,117,105,95,55,48,35,31,13,8,04/25/2020
000223,20200426,P,3,1,1,1,2,12,17,16,50,70,137,158,182,230,242,218,170,94,62,42,52,28,4,3,04/26/2020
000223,20200426,S,1,2,2,1,5,19,23,54,63,86,91,108,149,102,127,93,90,76,61,33,29,17,15,9,04/26/2020
000223,20200427,P,4,5,2,3,4,19,48,47,78,91,109,111,122,139,107,137,133,163,105,59,25,13,17,4,04/27/2020
000223,20200427,S,4,2,1,5,26,124,79,112,109,108,103,98,78,96,94,88,110,100,83,57,29,24,15,7,04/27/2020
000223,20200428,P,4,5,1,2,3,39,49,45,57,92,106,120,121,129,133,127,151,148,118,66,45,20,6,4,04/28/2020
000223,20200428,S,5,2,4,4,29,112,87,100,114,107,112,70,99,98,104,110,108,106,85,57,36,13,9,5,04/28/2020
000223,20200429,P,0,4,2,3,5,34,49,57,67,88,83,87,133,127,132,142,160,188,99,55,39,35,7,4,04/29/2020
000223,20200429,S,5,1,4,9,25,120,75,106,110,109,129,96,102,99,105,112,116,126,95,57,39,29,19,4,04/29/2020
000223,20200430,P,2,8,1,3,6,45,35,50,71,85,92,120,122,131,145,176,162,163,106,56,37,26,13,5,04/30/2020
000223,20200430,S,5,5,4,9,20,126,84,110,93,123,100,125,127,118,123,126,158,139,122,95,52,30,10,7,04/30/2020
000223,20200501,P,4,5,2,3,5,41,37,60,75,114,101,129,147,141,146,160,166,189,113,82,46,36,15,9,05/01/2020
000223,20200501,S,7,3,3,5,26,94,79,128,115,124,157,145,158,171,148,195,248,268,261,141,81,40,24,6,05/01/2020
000223,20200502,P,5,4,2,2,4,34,23,22,66,90,119,134,138,163,187,152,167,144,97,64,42,22,12,4,05/02/2020
000223,20200502,S,3,6,1,4,11,27,50,82,90,154,166,187,150,169,165,149,113,101,75,57,47,18,14,10,05/02/2020
000223,20200503,P,4,2,4,2,3,7,14,23,63,101,168,226,255,279,320,296,280,214,166,113,94,37,18,7,05/03/2020
000223,20200503,S,8,1,2,6,8,17,45,65,72,103,151,165,141,122,123,112,93,101,71,78,48,29,16,10,05/03/2020
000223,20200504,P,4,2,6,4,6,20,40,84,99,114,140,122,146,151,136,134,135,138,139,49,23,23,3,2,05/04/2020
000223,20200504,S,5,6,1,8,23,110,91,112,93,96,88,90,105,107,112,109,113,118,63,46,36,20,10,5,05/04/2020
000223,20200505,P,2,4,3,2,5,38,43,64,74,90,98,119,130,122,132,142,164,139,125,61,26,18,6,3,05/05/2020
000223,20200505,S,8,3,2,6,27,124,69,109,109,117,96,124,95,112,86,117,121,120,64,55,46,23,13,11,05/05/2020
000223,20200506,P,1,5,3,3,4,46,44,67,80,109,79,110,109,138,126,142,206,176,128,59,54,25,15,3,05/06/2020
000223,20200506,S,3,3,1,5,20,112,103,130,138,102,141,116,106,118,114,115,107,138,83,62,40,26,4,3,05/06/2020
000223,20200507,P,7,3,1,0,8,48,33,58,81,118,122,116,127,131,155,158,169,166,104,78,49,27,15,5,05/07/2020
000223,20200507,S,7,4,4,7,23,114,77,120,130,99,93,110,114,132,112,143,151,154,136,85,55,46,11,6,05/07/2020
000223,20200508,P,6,2,4,3,8,44,30,59,77,99,125,141,151,159,158,170,209,200,135,87,55,19,8,0,05/08/2020
000223,20200508,S,5,4,3,5,22,96,72,150,104,123,129,156,163,224,217,216,235,274,240,145,101,37,18,10,05/08/2020
000223,20200509,P,5,5,3,6,5,13,18,32,87,99,143,177,194,178,210,253,222,214,148,115,58,42,18,12,05/09/2020
000223,20200509,S,5,2,2,4,17,57,77,105,158,180,186,221,199,190,165,147,134,131,87,57,52,30,27,7,05/09/2020
000223,20200510,P,3,4,4,0,2,16,10,29,72,136,224,273,280,312,304,288,264,216,168,109,93,39,18,2,05/10/2020
000223,20200510,S,1,3,1,5,17,21,28,41,68,104,139,164,159,154,133,117,110,113,97,69,61,41,26,15,05/10/2020
000223,20200511,P,6,4,1,5,5,25,41,89,83,107,125,167,165,141,144,147,132,107,78,47,28,19,7,1,05/11/2020
000223,20200511,S,6,3,5,8,16,128,88,96,90,94,82,100,98,106,105,122,123,100,52,45,49,20,10,6,05/11/2020
000223,20200512,P,3,3,3,1,5,28,40,71,73,97,92,126,128,170,122,179,159,155,124,77,37,18,10,5,05/12/2020
000223,20200512,S,7,2,1,7,36,113,92,128,118,121,115,129,116,141,125,124,118,111,101,69,46,26,9,10,05/12/2020
000223,20200513,P,5,2,1,1,8,36,57,49,106,108,104,127,131,142,170,170,180,168,146,72,49,16,11,5,05/13/2020
000223,20200513,S,2,4,1,11,30,122,90,128,125,131,149,121,117,117,123,128,129,125,102,64,53,29,11,7,05/13/2020
000223,20200514,P,3,1,3,4,7,37,38,64,81,107,127,110,137,141,165,174,172,174,105,83,31,27,7,9,05/14/2020
000223,20200514,S,5,3,5,4,34,126,84,138,132,145,132,123,132,117,144,162,166,184,147,97,70,38,18,5,05/14/2020
000223,20200515,P,4,3,4,2,7,28,37,48,102,102,118,116,162,159,173,164,143,189,117,65,52,31,14,4,05/15/2020
000223,20200515,S,9,3,1,5,32,86,80,116,129,123,143,171,213,225,231,312,323,346,276,184,110,71,30,9,05/15/2020
000223,20200516,P,2,3,4,3,7,32,33,56,90,112,142,161,163,237,230,227,223,206,181,140,85,51,30,4,05/16/2020
000223,20200516,S,6,5,1,10,27,61,86,120,186,198,251,293,354,269,246,236,170,148,123,87,63,35,18,12,05/16/2020
000223,20200517,P,8,3,2,2,7,13,16,47,79,158,221,376,396,437,419,372,414,379,270,214,121,64,21,4,05/17/2020
000223,20200517,S,12,5,2,7,14,45,65,95,145,193,220,261,214,179,189,159,137,107,104,59,66,29,21,11,05/17/2020
000223,20200518,P,4,6,1,4,10,23,50,108,122,155,154,204,181,212,186,218,216,191,153,104,67,44,17,6,05/18/2020
000223,20200518,S,11,7,6,7,32,126,116,136,138,156,141,171,167,142,128,140,129,141,102,60,52,20,18,11,05/18/2020
000223,20200519,P,6,6,2,2,9,38,48,79,98,125,133,167,148,169,199,202,216,214,151,98,69,28,14,6,05/19/2020
000223,20200519,S,5,5,3,5,30,128,98,144,139,164,161,148,157,144,142,141,140,143,98,95,50,40,22,8,05/19/2020
000223,20200520,P,6,6,3,3,9,38,54,78,126,131,99,135,148,155,158,217,206,200,134,78,53,38,12,8,05/20/2020
000223,20200520,S,4,4,1,8,30,135,91,121,137,110,145,150,142,137,146,155,162,175,125,83,73,46,25,7,05/20/2020
000223,20200521,P,5,2,2,1,9,39,51,76,117,120,138,154,165,152,177,214,203,210,153,111,63,35,15,9,05/21/2020
000223,20200521,S,4,2,5,7,27,127,110,165,163,153,175,163,182,203,252,357,278,311,252,258,168,72,39,18,05/21/2020
000223,20200522,P,4,4,2,5,6,39,39,60,98,124,149,150,192,199,218,231,222,196,166,114,82,48,25,7,05/22/2020
000223,20200522,S,8,3,2,8,31,94,128,176,227,270,354,435,407,532,546,602,592,638,475,341,207,121,72,25,05/22/2020
000223,20200523,P,5,2,0,2,3,26,36,47,94,116,160,178,233,256,311,312,353,285,260,194,144,81,52,17,05/23/2020
000223,20200523,S,20,9,2,9,23,67,99,176,274,371,466,492,497,437,359,324,250,199,122,121,71,61,37,18,05/23/2020
000223,20200524,P,10,3,6,1,7,14,16,69,175,352,501,613,569,403,369,310,200,173,132,97,65,31,27,5,05/24/2020
000223,20200524,S,4,5,2,5,10,17,25,40,82,104,136,192,135,176,165,154,90,102,51,53,51,25,24,8,05/24/2020
000223,20200525,P,7,3,5,5,3,8,15,45,104,257,515,647,683,571,500,533,382,326,247,201,142,83,35,5,05/25/2020
000223,20200525,S,6,2,7,5,9,30,79,103,135,148,166,204,222,181,173,128,110,112,76,68,76,38,30,7,05/25/2020
000223,20200526,P,1,3,3,4,7,34,77,120,170,183,235,258,233,222,220,238,232,223,183,100,65,53,22,10,05/26/2020
000223,20200526,S,6,2,0,11,31,153,125,129,150,158,161,183,160,155,160,171,146,164,105,95,67,42,15,8,05/26/2020
000223,20200527,P,5,4,2,3,9,44,53,87,108,162,165,152,182,178,196,215,226,210,165,78,58,32,10,5,05/27/2020
000223,20200527,S,9,4,2,11,32,140,128,142,164,167,137,180,134,167,162,171,205,169,121,80,68,50,23,12,05/27/2020
000223,20200528,P,1,4,3,3,7,50,44,71,96,116,146,165,176,186,190,207,176,231,162,90,56,50,19,9,05/28/2020
000223,20200528,S,5,5,2,13,33,128,92,163,150,160,164,185,176,197,198,219,263,261,167,155,106,53,37,15,05/28/2020
000223,20200529,P,5,4,7,3,7,45,46,77,101,137,157,214,203,205,240,232,245,239,174,133,73,47,21,8,05/29/2020
000223,20200529,S,7,5,2,12,30,115,107,150,171,201,278,288,304,337,392,395,476,514,419,290,181,103,47,21,05/29/2020
000223,20200530,P,7,5,6,2,4,41,28,65,103,146,174,231,234,282,252,318,288,230,250,141,102,55,25,11,05/30/2020
000223,20200530,S,7,5,4,3,18,65,108,168,218,299,316,332,353,320,266,241,196,163,127,106,86,42,26,13,05/30/2020
000223,20200531,P,12,4,5,6,5,12,30,56,122,220,388,542,526,504,570,632,555,399,300,218,174,88,35,10,05/31/2020
000223,20200531,S,5,1,3,3,9,41,58,119,160,195,242,267,247,211,210,189,167,129,94,91,75,46,24,18,05/31/2020
000223,20200601,P,6,4,2,4,10,27,80,127,128,222,221,261,238,268,221,259,238,234,176,136,82,47,18,8,06/01/2020
000223,20200601,S,7,2,3,9,25,154,118,144,126,170,175,172,169,190,186,202,184,162,115,97,68,35,26,17,06/01/2020
000223,20200602,P,6,2,3,5,9,41,65,64,130,168,154,190,180,215,206,197,216,198,150,116,69,44,27,9,06/02/2020
000223,20200602,S,10,5,3,9,25,149,89,147,166,152,179,187,185,168,164,162,188,147,117,90,63,44,24,15,06/02/2020
000223,20200603,P,3,4,2,4,6,51,53,82,135,156,157,181,197,193,203,238,247,229,164,93,68,35,24,7,06/03/2020
000223,20200603,S,12,5,1,5,33,157,91,148,154,137,161,193,208,200,196,210,213,207,135,119,56,50,25,11,06/03/2020
000223,20200604,P,5,6,2,1,12,51,51,84,127,150,152,186,208,237,234,251,234,265,188,109,80,53,18,11,06/04/2020
000223,20200604,S,9,6,3,4,26,130,115,167,162,164,185,235,268,254,322,243,298,306,273,185,134,59,41,20,06/04/2020
000223,20200605,P,8,7,0,7,11,37,57,80,114,145,162,196,200,235,251,280,304,285,205,153,89,67,38,16,06/05/2020
000223,20200605,S,11,6,3,10,29,85,111,179,207,280,338,396,376,496,575,538,488,721,649,357,233,109,61,30,06/05/2020
000223,20200606,P,3,8,1,1,10,11,29,74,126,202,260,308,302,284,316,330,307,271,190,136,114,77,42,16,06/06/2020
000223,20200606,S,10,5,5,4,21,60,96,141,253,297,348,369,315,314,339,315,277,234,144,119,78,76,36,16,06/06/2020
000223,20200607,P,4,6,1,8,9,26,35,71,127,248,464,628,648,715,729,762,746,614,512,467,305,154,58,19,06/07/2020
000223,20200607,S,7,8,5,3,22,45,68,149,206,270,339,357,287,269,261,180,173,163,120,116,78,41,35,21,06/07/2020
000223,20200608,P,6,3,3,5,8,31,94,166,181,257,253,302,333,316,323,380,298,245,229,142,80,29,18,10,06/08/2020
000223,20200608,S,12,4,6,7,27,135,117,171,144,164,172,194,173,158,185,191,183,153,117,106,72,56,20,18,06/08/2020
000223,20200609,P,1,5,5,3,6,31,75,72,94,128,201,241,228,209,192,196,199,198,116,86,48,26,17,4,06/09/2020
000223,20200609,S,6,7,4,7,31,134,79,91,114,114,137,149,133,163,137,164,175,206,124,114,77,41,25,16,06/09/2020
000223,20200610,P,3,5,2,6,9,44,59,71,124,148,198,213,195,194,239,212,233,222,190,106,89,48,28,8,06/10/2020
000223,20200610,S,4,2,2,6,23,153,101,155,180,183,198,217,221,225,190,211,229,228,223,133,105,62,40,13,06/10/2020
000223,20200611,P,7,5,3,3,7,45,49,78,128,153,190,179,220,203,222,263,232,285,189,131,110,69,28,5,06/11/2020
000223,20200611,S,15,9,4,8,34,143,134,188,217,258,244,288,295,321,370,336,397,392,288,192,169,109,49,24,06/11/2020
000223,20200612,P,7,4,9,8,8,54,50,80,118,159,213,255,248,247,269,289,264,302,239,121,143,73,31,19,06/12/2020
000223,20200612,S,11,5,3,10,24,94,131,179,233,313,373,479,459,512,605,428,663,727,703,588,299,124,71,30,06/12/2020
000223,20200613,P,9,6,4,1,9,35,34,65,120,184,293,313,331,301,414,419,454,306,246,203,196,94,69,15,06/13/2020
000223,20200613,S,17,6,5,8,23,77,121,196,279,390,460,497,455,381,369,325,263,219,149,121,94,63,35,17,06/13/2020
000223,20200614,P,7,3,4,2,8,14,43,88,174,302,703,884,831,875,905,784,678,578,529,420,298,176,80,16,06/14/2020
000223,20200614,S,13,8,4,8,23,24,62,105,194,296,342,369,352,327,278,250,192,154,147,122,78,60,22,12,06/14/2020
000223,20200615,P,6,5,3,6,16,44,96,146,182,221,303,345,311,327,309,323,264,284,224,175,116,63,30,7,06/15/2020
000223,20200615,S,9,6,5,6,34,128,140,169,192,176,210,236,204,191,206,213,178,176,122,125,72,44,27,22,06/15/2020
000223,20200616,P,2,5,2,2,8,59,59,94,129,182,209,220,263,273,289,294,339,266,220,140,94,50,39,18,06/16/2020
000223,20200616,S,6,9,5,7,30,153,124,161,183,204,235,240,241,219,204,199,224,189,158,95,98,48,25,12,06/16/2020
000223,20200617,P,2,6,2,4,14,51,68,103,127,166,240,231,259,285,258,292,320,315,238,134,116,63,31,11,06/17/2020
000223,20200617,S,8,3,4,6,33,152,134,173,238,231,295,246,223,222,232,258,194,225,148,155,118,72,32,20,06/17/2020
000223,20200618,P,4,6,4,3,12,52,63,89,124,174,232,251,259,266,274,271,285,276,212,118,85,48,24,10,06/18/2020
000223,20200618,S,11,3,7,9,28,126,123,198,190,216,271,260,295,296,332,306,328,350,301,215,161,102,45,20,06/18/2020
000223,20200619,P,6,6,5,9,5,35,54,96,144,191,280,324,272,267,267,244,245,255,161,99,79,62,30,16,06/19/2020
000223,20200619,S,10,4,5,12,19,88,107,184,193,251,363,399,488,557,527,635,698,776,724,550,294,153,71,32,06/19/2020
000223,20200620,P,7,2,9,8,7,28,43,76,117,193,269,302,337,401,417,424,450,466,347,279,208,142,90,30,06/20/2020
000223,20200620,S,14,10,8,9,21,84,150,274,393,481,618,569,485,526,451,389,331,230,199,139,107,54,34,23,06/20/2020
000223,20200621,P,18,9,3,2,6,26,38,96,193,424,715,885,821,819,829,876,828,839,432,400,321,178,69,27,06/21/2020
000223,20200621,S,18,6,8,1,12,31,73,117,198,303,318,344,327,334,301,260,179,185,137,113,115,58,36,17,06/21/2020
000223,20200622,P,5,2,5,5,12,45,106,184,248,241,340,363,337,367,322,296,358,292,275,197,108,69,33,14,06/22/2020
000223,20200622,S,13,5,4,8,39,137,130,210,185,233,232,241,244,247,228,256,216,196,183,108,87,61,38,24,06/22/2020
000223,20200625,P,3,2,2,5,9,52,77,107,169,228,231,286,298,306,336,336,319,278,223,170,112,49,42,14,06/25/2020
000223,20200625,S,15,7,2,7,43,164,162,205,234,257,275,316,308,334,382,326,340,349,263,193,214,107,39,35,06/25/2020
000223,20200626,P,6,6,4,4,7,55,58,106,135,231,266,335,267,303,306,312,299,284,220,169,74,68,31,11,06/26/2020
000223,20200626,S,14,2,2,10,32,96,151,249,249,330,408,438,457,561,666,684,682,689,673,398,235,147,65,38,06/26/2020
000223,20200627,P,5,7,5,10,10,61,62,108,170,213,300,331,397,396,493,465,494,427,356,271,209,132,92,33,06/27/2020
000223,20200627,S,16,4,4,8,28,78,187,317,505,546,600,524,541,521,512,384,332,270,201,171,115,70,44,22,06/27/2020
000223,20200628,P,16,4,4,7,14,22,51,134,239,437,811,920,910,887,889,871,759,346,338,355,412,190,67,15,06/28/2020
000223,20200628,S,15,8,4,6,14,40,101,160,294,381,364,383,419,385,314,265,196,179,180,137,80,63,31,23,06/28/2020
000223,20200629,P,9,3,5,8,24,57,123,197,235,295,394,391,423,359,399,382,348,378,271,165,101,94,29,16,06/29/2020
000223,20200629,S,14,5,7,11,44,152,152,241,231,294,272,296,310,276,248,252,235,183,154,124,97,60,30,16,06/29/2020
000223,20200630,P,4,3,3,4,9,58,69,109,173,225,266,295,315,323,305,300,300,320,222,126,125,64,27,15,06/30/2020
000223,20200630,S,12,4,3,6,27,155,114,163,209,271,253,240,248,240,256,273,274,250,182,149,103,84,38,32,06/30/2020
000223,20200701,P,8,3,6,3,9,49,69,127,132,189,264,257,261,300,314,349,332,342,268,176,113,88,42,16,07/01/2020
000223,20200701,S,7,11,2,7,38,162,158,214,275,323,385,360,379,327,419,435,380,384,275,239,204,138,53,36,07/01/2020
000223,20200702,P,8,3,3,3,17,62,85,103,142,183,263,323,303,353,342,408,340,307,261,145,125,69,49,26,07/02/2020
000223,20200702,S,11,7,5,8,33,134,152,273,351,450,507,549,552,658,581,639,690,688,643,581,576,432,158,59,07/02/2020
000223,20200703,P,10,8,5,6,13,33,50,94,121,226,253,323,378,400,421,442,418,339,216,173,153,109,80,44,07/03/2020
000223,20200703,S,25,15,10,13,42,154,252,496,619,701,576,600,547,642,646,608,673,689,556,378,219,152,94,43,07/03/2020
000223,20200704,P,23,12,1,10,6,22,33,75,120,199,319,377,390,465,421,509,478,376,288,199,190,182,106,91,07/04/2020
000223,20200704,S,34,10,5,9,26,58,157,261,376,419,408,423,330,333,286,252,154,134,108,54,56,34,31,27,07/04/2020
000223,20200705,P,23,8,10,6,16,23,87,220,435,789,898,891,841,812,806,833,803,825,737,509,522,264,127,31,07/05/2020
000223,20200705,S,15,7,7,5,6,31,67,110,205,282,308,327,313,320,311,266,186,179,146,137,90,48,42,19,07/05/2020
000223,20200706,P,9,13,4,7,20,70,192,296,330,454,595,671,680,565,539,498,484,421,307,221,154,102,46,17,07/06/2020
000223,20200706,S,11,9,2,9,36,118,159,215,238,316,325,317,319,292,296,275,268,199,180,121,79,59,29,17,07/06/2020
000223,20200707,P,7,3,7,4,6,51,73,123,170,236,288,345,346,381,363,342,358,312,237,156,107,78,40,16,07/07/2020
000223,20200707,S,13,1,3,11,36,155,124,214,251,269,185,398,309,249,223,325,205,207,151,117,94,58,27,25,07/07/2020
000223,20200708,P,8,5,1,4,15,58,80,111,153,214,262,325,311,353,341,384,356,353,251,144,153,83,47,8,07/08/2020
000223,20200708,S,13,6,3,14,36,166,142,205,271,317,322,294,320,321,333,274,255,266,190,124,126,74,34,14,07/08/2020
000223,20200709,P,6,3,5,9,16,64,87,122,158,241,312,278,316,326,355,363,372,323,244,180,114,84,29,13,07/09/2020
000223,20200709,S,3,7,0,12,36,164,154,225,286,316,349,300,342,379,388,405,400,392,272,222,209,137,74,33,07/09/2020
000223,20200710,P,10,7,5,6,16,71,71,125,175,219,324,371,407,372,349,410,416,351,268,160,117,103,58,18,07/10/2020
000223,20200710,S,24,11,12,8,33,100,166,250,372,482,486,506,553,560,582,578,681,697,597,588,336,159,95,43,07/10/2020
000223,20200711,P,11,5,6,8,11,53,68,105,186,263,399,430,458,437,519,499,468,505,401,317,256,171,114,50,07/11/2020
000223,20200711,S,26,11,7,9,36,85,212,359,553,602,539,484,437,492,574,567,395,282,216,169,127,71,38,25,07/11/2020
000223,20200712,P,15,9,5,4,14,21,62,143,243,492,804,919,887,878,902,842,835,594,542,417,345,180,59,22,07/12/2020
000223,20200712,S,12,9,4,7,16,42,118,186,370,463,388,404,437,425,340,287,217,139,163,156,103,59,57,23,07/12/2020
000223,20200713,P,9,4,8,8,10,69,128,193,218,301,407,410,328,244,507,558,365,357,308,165,110,66,38,14,07/13/2020
000223,20200713,S,5,13,8,9,41,154,156,216,249,313,303,324,315,308,325,282,224,208,186,107,80,74,50,25,07/13/2020
000223,20200714,P,6,4,2,5,9,61,84,103,220,224,284,286,304,330,359,365,341,349,201,126,90,62,32,13,07/14/2020
000223,20200714,S,12,7,7,8,30,153,147,206,256,270,279,298,264,281,251,265,241,213,120,107,111,50,34,22,07/14/2020
000223,20200715,P,4,5,2,3,11,66,47,120,171,256,270,314,319,327,328,415,345,328,263,158,79,71,47,11,07/15/2020
000223,20200715,S,12,3,5,10,41,163,153,198,264,342,359,307,263,293,315,249,276,276,199,159,128,53,47,17,07/15/2020
000223,20200716,P,9,5,4,6,18,57,83,132,185,231,301,321,315,336,352,386,390,325,228,143,106,83,34,10,07/16/2020
000223,20200716,S,16,5,10,10,22,147,153,232,263,313,349,384,361,367,434,383,397,396,305,266,211,100,52,26,07/16/2020
000223,20200717,P,7,5,5,4,14,49,67,149,178,257,333,404,337,318,420,443,385,379,249,163,123,93,52,16,07/17/2020
000223,20200717,S,11,8,3,12,31,120,165,289,396,464,515,518,562,573,616,596,609,689,682,622,430,176,79,43,07/17/2020
000223,20200718,P,14,9,3,5,10,27,71,149,189,302,411,482,446,513,563,633,517,520,409,331,239,152,92,44,07/18/2020
000223,20200718,S,30,4,9,9,28,111,234,369,535,660,567,520,511,577,546,494,426,281,217,151,145,81,45,25,07/18/2020
000223,20200719,P,12,11,5,5,15,41,61,152,271,468,813,954,866,902,865,867,932,708,588,464,341,212,94,29,07/19/2020
000223,20200719,S,15,9,7,8,19,40,97,190,345,463,429,429,370,424,379,307,214,216,200,117,115,71,35,35,07/19/2020
000223,20200720,P,8,4,3,7,21,47,135,210,281,357,479,470,381,424,429,370,389,314,285,234,134,106,47,19,07/20/2020
000223,20200720,S,11,6,8,10,45,139,180,231,263,277,341,320,331,333,323,362,299,249,155,140,123,66,45,22,07/20/2020
000223,20200721,P,10,5,2,2,14,40,72,122,170,234,304,335,327,283,380,352,324,319,236,191,96,94,48,20,07/21/2020
000223,20200721,S,17,9,3,12,37,157,139,210,263,280,314,329,276,276,313,247,238,238,148,142,114,77,34,27,07/21/2020
000223,20200722,P,8,5,6,4,11,54,79,151,152,250,298,370,308,320,423,396,366,326,272,150,137,56,34,8,07/22/2020
000223,20200722,S,7,12,4,9,34,181,149,207,250,295,330,278,285,305,298,284,259,287,187,178,130,68,43,27,07/22/2020
000223,20200723,P,3,6,5,8,20,57,80,143,177,254,266,421,356,356,381,407,349,329,242,154,139,89,49,22,07/23/2020
000223,20200723,S,11,8,4,11,42,152,170,203,305,341,371,379,419,414,417,460,432,246,290,337,264,123,70,37,07/23/2020
000223,20200724,P,6,5,4,5,17,57,98,134,179,277,381,398,394,427,383,442,388,339,278,152,109,98,53,28,07/24/2020
000223,20200724,S,20,6,10,10,26,110,178,244,356,409,456,510,566,566,545,650,576,680,588,562,313,173,92,51,07/24/2020
000223,20200725,P,7,10,3,7,13,50,69,118,220,336,476,508,449,444,504,525,374,305,227,196,161,121,75,39,07/25/2020
000223,20200725,S,26,11,5,14,21,63,190,326,506,583,459,130,118,405,498,453,538,355,191,127,112,80,45,15,07/25/2020
000223,20200726,P,13,4,3,7,13,31,63,127,276,484,723,959,905,854,861,881,670,550,383,378,259,158,79,21,07/26/2020
000223,20200726,S,14,9,4,5,17,57,123,193,338,411,386,382,374,373,374,355,231,181,188,149,105,70,35,29,07/26/2020
000223,20200727,P,8,4,2,8,16,57,127,209,257,343,392,400,481,418,412,433,281,417,278,204,116,86,58,10,07/27/2020
000223,20200727,S,16,9,6,8,25,156,198,251,258,266,294,337,327,292,292,333,283,218,136,149,93,72,52,31,07/27/2020
000223,20200728,P,4,7,1,3,17,40,81,132,160,241,282,357,350,334,347,331,285,288,174,147,91,84,40,9,07/28/2020
000223,20200728,S,10,5,3,9,35,159,135,168,213,218,250,249,249,253,279,261,247,232,170,115,107,80,49,31,07/28/2020
000223,20200729,P,6,5,4,5,12,49,71,122,193,238,297,321,346,380,356,421,367,358,258,212,122,92,42,13,07/29/2020
000223,20200729,S,13,6,2,14,47,163,187,257,275,346,378,360,327,288,320,302,288,273,192,152,130,84,36,31,07/29/2020
000223,20200730,P,2,6,3,7,17,56,91,133,177,280,319,371,340,430,354,410,406,389,254,162,133,88,32,8,07/30/2020
000223,20200730,S,14,7,6,12,32,148,163,210,311,369,391,419,350,396,418,441,420,436,323,274,209,137,59,29,07/30/2020
000223,20200731,P,7,4,4,4,13,55,68,133,234,298,358,431,411,394,398,421,426,422,251,187,133,96,61,33,07/31/2020
000223,20200731,S,24,9,5,13,30,106,175,264,364,496,515,499,556,548,583,642,652,660,674,581,405,193,79,33,07/31/2020
000223,20200801,P,11,3,4,9,20,40,74,118,196,296,451,457,455,490,508,646,562,465,369,266,203,164,87,28,08/01/2020
000223,20200801,S,28,17,7,11,29,102,213,401,603,625,505,469,430,508,476,528,457,283,230,157,131,65,45,20,08/01/2020
000223,20200802,P,10,3,6,5,15,33,73,145,272,551,863,936,882,891,816,829,739,568,512,435,297,189,72,14,08/02/2020
000223,20200802,S,18,10,3,3,19,62,129,192,306,446,419,420,378,375,405,318,293,202,184,156,106,71,50,18,08/02/2020
000223,20200803,P,14,4,3,9,20,56,118,205,266,346,423,469,448,412,402,416,448,360,240,177,105,102,23,18,08/03/2020
000223,20200803,S,14,13,6,10,45,159,209,247,248,312,326,339,313,283,278,330,267,248,159,127,100,64,37,21,08/03/2020
000223,20200804,P,4,5,5,8,11,36,88,120,188,213,345,326,350,350,371,379,366,339,255,160,138,99,46,14,08/04/2020
000223,20200804,S,11,6,7,7,44,138,176,210,252,322,331,279,279,274,260,301,277,252,144,138,119,92,50,24,08/04/2020
000223,20200805,P,10,3,5,4,13,44,96,115,181,231,351,312,334,330,388,379,366,350,277,155,121,95,40,21,08/05/2020
000223,20200805,S,14,7,1,8,49,156,146,194,284,331,338,302,307,343,298,340,267,263,198,168,122,95,51,30,08/05/2020
000223,20200806,P,6,7,2,6,9,53,83,148,182,270,334,357,385,349,382,365,382,365,270,192,128,92,51,13,08/06/2020
000223,20200806,S,11,5,6,9,40,151,174,228,277,349,358,452,376,425,430,383,421,401,315,268,254,136,71,49,08/06/2020
000223,20200807,P,5,3,5,7,7,70,89,140,207,270,356,392,388,394,384,397,455,376,318,196,124,121,53,32,08/07/2020
000223,20200807,S,14,11,5,10,39,103,187,280,363,499,510,501,529,578,587,592,658,710,579,562,438,212,97,47,08/07/2020
000223,20200808,P,9,4,3,9,15,73,75,135,239,320,412,462,421,431,471,550,484,452,420,281,240,188,138,33,08/08/2020
000223,20200808,S,20,10,11,10,41,94,237,372,466,508,582,502,550,508,486,510,435,272,210,146,112,104,68,29,08/08/2020
000223,20200809,P,21,10,7,5,24,43,89,141,266,491,835,886,884,843,822,875,860,825,613,495,375,227,83,25,08/09/2020
000223,20200809,S,17,8,3,5,16,49,114,212,355,421,449,418,429,376,370,336,239,220,191,147,120,82,56,22,08/09/2020
000223,20200810,P,6,6,7,4,13,52,132,234,250,341,437,481,447,435,446,378,408,370,289,163,160,88,44,12,08/10/2020
000223,20200810,S,10,9,5,8,41,156,239,252,319,362,360,351,325,272,307,298,251,246,175,139,116,59,41,20,08/10/2020
000223,20200811,P,5,8,2,5,13,47,92,128,153,252,283,320,334,353,334,377,388,347,254,167,117,73,37,29,08/11/2020
000223,20200811,S,10,7,4,9,32,144,145,224,242,316,306,296,262,283,258,243,236,249,163,109,122,69,35,16,08/11/2020
000223,20200812,P,10,10,5,9,12,71,69,117,168,277,315,328,321,333,362,420,369,359,284,181,114,80,44,12,08/12/2020
000223,20200812,S,11,8,7,12,41,170,151,205,240,267,366,340,242,306,298,300,255,271,205,162,127,104,49,20,08/12/2020
000223,20200813,P,6,7,2,7,12,60,73,136,157,253,320,275,381,362,368,443,395,331,353,194,142,82,33,8,08/13/2020
000223,20200813,S,10,6,10,15,42,128,155,268,317,344,390,372,353,372,414,354,382,409,334,270,204,129,67,32,08/13/2020
000223,20200814,P,11,4,8,10,17,48,83,110,173,234,334,408,387,413,393,424,479,440,305,194,156,126,64,25,08/14/2020
000223,20200814,S,18,6,13,10,24,151,189,258,340,440,484,579,550,619,657,670,690,684,518,369,327,195,79,37,08/14/2020
000223,20200815,P,12,5,8,9,17,43,60,118,208,282,430,483,466,459,470,511,546,474,429,334,243,194,102,45,08/15/2020
000223,20200815,S,24,7,12,11,28,66,220,338,437,591,575,543,436,403,345,351,288,233,202,132,95,70,50,26,08/15/2020
000223,20200816,P,17,12,6,9,21,26,52,134,252,486,819,925,838,840,895,758,634,597,477,346,301,161,64,20,08/16/2020
000223,20200816,S,11,5,4,6,11,38,69,131,237,393,324,342,321,359,312,242,219,173,153,120,87,67,42,22,08/16/2020
000223,20200817,P,6,6,5,10,11,46,94,186,193,273,389,419,389,352,346,327,358,332,259,153,114,78,38,10,08/17/2020
000223,20200817,S,13,6,6,8,34,147,172,223,204,271,259,271,260,227,255,236,210,193,124,120,78,61,37,17,08/17/2020
000223,20200818,P,6,5,4,8,11,37,77,127,170,226,240,233,258,272,272,342,348,339,223,135,77,77,35,12,08/18/2020
000223,20200818,S,11,8,5,7,38,158,142,176,199,223,260,244,229,224,203,219,178,197,126,101,84,54,36,23,08/18/2020
000223,20200819,P,9,4,6,9,5,52,56,107,178,229,231,299,275,272,281,332,321,308,243,138,110,64,24,6,08/19/2020
000223,20200819,S,13,4,8,12,26,159,161,198,240,247,216,270,226,231,261,217,248,216,145,115,99,80,45,20,08/19/2020
000223,20200820,P,7,6,2,7,11,53,63,145,147,203,248,292,295,239,329,337,304,308,236,137,94,63,33,16,08/20/2020
000223,20200820,S,12,5,8,11,30,159,149,206,221,290,289,300,253,339,303,334,327,294,296,207,189,97,71,20,08/20/2020
000223,20200821,P,11,5,3,7,8,65,61,113,143,207,259,274,288,337,327,368,353,376,243,173,118,83,41,6,08/21/2020
000223,20200821,S,15,8,9,9,24,102,157,199,274,374,392,399,425,453,538,511,551,592,394,315,252,157,76,42,08/21/2020
000223,20200822,P,14,1,5,3,13,44,63,83,177,239,310,314,329,371,386,372,412,373,336,250,183,146,71,45,08/22/2020
000223,20200822,S,12,14,8,12,31,43,132,261,404,530,436,441,393,326,356,306,263,214,159,129,100,62,42,26,08/22/2020
000223,20200823,P,12,8,4,8,8,24,46,103,191,400,677,793,851,705,661,620,609,538,448,287,203,116,39,14,08/23/2020
000223,20200823,S,9,6,4,2,14,36,55,89,239,337,263,323,291,290,226,215,190,142,132,111,88,50,41,22,08/23/2020
000223,20200824,P,6,6,3,1,14,47,106,170,208,236,284,316,313,298,314,301,300,303,233,137,98,48,23,12,08/24/2020
000223,20200824,S,7,9,6,10,23,126,193,178,205,221,241,227,220,201,231,207,225,178,146,105,82,57,39,17,08/24/2020
000223,20200825,P,6,2,0,3,6,52,69,104,145,166,231,225,229,233,231,289,317,265,221,133,82,40,20,9,08/25/2020
000223,20200825,S,14,3,2,9,22,144,170,149,179,245,210,196,202,209,186,204,191,177,125,77,73,53,45,16,08/25/2020
000223,20200826,P,7,5,0,9,10,56,54,88,166,184,209,211,221,196,237,281,300,316,198,131,84,38,18,8,08/26/2020
000223,20200826,S,6,5,2,6,35,143,140,179,201,228,212,190,204,192,205,187,207,200,146,112,83,54,44,13,08/26/2020
000223,20200827,P,3,2,0,4,12,48,67,114,126,186,179,232,230,212,289,285,303,362,217,129,89,50,37,9,08/27/2020
000223,20200827,S,10,4,5,7,21,132,173,191,201,234,303,280,257,265,271,283,317,311,225,234,162,77,57,19,08/27/2020
000223,20200828,P,4,0,1,8,11,46,46,94,150,196,234,263,290,294,304,355,343,353,211,87,59,54,22,8,08/28/2020
000223,20200828,S,13,13,4,12,26,113,156,172,263,342,366,371,428,507,629,726,814,796,612,450,280,113,61,22,08/28/2020
000223,20200829,P,5,5,2,5,11,23,45,90,125,212,313,336,396,435,376,372,346,306,274,212,146,83,44,40,08/29/2020
000223,20200829,S,17,9,2,8,27,60,129,205,365,479,435,441,392,314,300,300,253,218,160,141,91,72,36,22,08/29/2020
000223,20200830,P,11,6,9,6,8,30,66,114,208,373,657,780,767,721,799,891,706,579,463,330,254,152,39,13,08/30/2020
000223,20200830,S,12,10,4,3,12,34,79,119,275,401,383,361,278,268,236,191,156,148,124,132,88,64,29,22,08/30/2020
000223,20200831,P,7,5,6,5,12,31,105,184,178,233,305,321,313,297,279,314,299,321,199,149,65,32,13,3,08/31/2020
000223,20200831,S,12,5,8,8,30,152,190,182,187,263,248,247,176,161,205,198,163,168,117,78,82,53,44,13,08/31/2020
000223,20200901,P,7,2,3,1,12,40,60,103,151,151,219,202,209,207,279,258,296,289,249,144,91,46,29,8,09/01/2020
000223,20200901,S,21,9,6,7,40,148,156,190,216,243,242,230,212,183,212,238,199,174,142,115,80,68,43,14,09/01/2020
000223,20200902,P,3,3,1,3,7,51,64,109,156,178,197,213,197,256,232,312,323,335,227,153,104,59,32,7,09/02/2020
000223,20200902,S,4,5,3,13,33,166,146,205,211,270,243,263,217,231,221,238,239,210,177,152,110,75,40,14,09/02/2020
000223,20200903,P,7,5,2,7,12,49,66,102,145,175,232,210,226,237,261,344,337,354,228,141,105,65,35,11,09/03/2020
000223,20200903,S,18,11,8,19,31,157,165,178,243,293,296,346,265,295,378,370,456,474,303,302,267,273,150,43,09/03/2020
000223,20200904,P,4,6,2,5,12,45,72,76,138,170,241,330,319,310,330,352,325,315,241,146,112,86,41,26,09/04/2020
000223,20200904,S,20,19,11,14,33,102,180,258,407,672,793,915,808,612,610,634,700,754,737,698,659,474,154,69,09/04/2020
000223,20200905,P,3,7,1,1,9,36,35,63,135,189,260,269,278,315,362,385,426,374,343,236,183,193,98,31,09/05/2020
000223,20200905,S,36,21,9,13,38,72,174,384,486,599,556,506,473,575,570,606,570,413,245,173,101,97,48,35,09/05/2020
000223,20200906,P,15,5,1,10,11,26,52,86,155,271,484,637,630,679,713,741,766,727,697,534,449,253,110,34,09/06/2020
000223,20200906,S,19,9,5,10,19,41,100,216,397,488,498,458,439,418,344,302,218,177,181,120,119,65,49,28,09/06/2020
000223,20200907,P,15,5,4,5,26,45,98,242,512,964,957,885,931,884,832,792,855,886,878,871,891,287,94,31,09/07/2020
000223,20200907,S,17,7,8,11,14,37,68,120,237,301,268,247,237,214,207,194,122,135,113,102,93,70,44,19,09/07/2020
000223,20200908,P,7,8,6,3,11,29,64,97,55,231,212,207,167,161,126,130,122,125,101,46,24,17,10,4,09/08/2020
000223,20200908,S,9,7,5,9,28,126,93,51,22,46,79,103,110,100,104,105,150,132,87,44,23,30,13,13,09/08/2020
000223,20200909,P,4,4,2,2,8,22,58,80,105,150,197,224,158,197,187,196,186,187,177,88,41,36,9,7,09/09/2020
000223,20200909,S,6,3,7,13,30,132,77,113,120,109,123,153,158,168,190,197,191,182,128,103,59,47,21,11,09/09/2020
000223,20200910,P,2,3,1,2,4,34,59,115,153,175,219,210,188,195,232,235,284,297,174,111,45,29,16,10,09/10/2020
000223,20200910,S,6,8,3,15,33,134,133,134,187,199,190,229,253,290,271,325,347,317,235,187,121,91,38,25,09/10/2020
000223,20200911,P,4,3,2,6,1,53,53,100,147,174,241,256,237,222,241,275,301,237,222,124,86,42,33,9,09/11/2020
000223,20200911,S,13,7,7,15,31,125,137,184,234,286,328,401,416,464,554,534,701,625,365,364,342,201,86,39,09/11/2020
000223,20200912,P,10,3,4,4,9,30,58,83,142,197,224,281,304,309,298,401,401,398,288,219,194,101,40,29,09/12/2020
000223,20200912,S,24,8,9,9,24,84,125,249,373,442,490,455,444,424,361,330,249,247,219,172,101,70,43,19,09/12/2020
000223,20200913,P,13,6,11,5,15,17,48,93,166,369,633,703,657,674,662,722,660,582,475,331,252,115,46,13,09/13/2020
000223,20200913,S,10,14,7,4,16,37,88,128,224,356,363,337,316,265,268,222,177,136,115,133,110,67,30,24,09/13/2020
000223,20200914,P,5,6,0,4,12,40,93,174,206,254,324,318,339,282,286,316,323,287,225,172,100,32,25,9,09/14/2020
000223,20200914,S,5,6,3,11,29,148,201,198,219,204,235,250,182,198,224,210,176,180,144,95,60,56,38,11,09/14/2020
000223,20200915,P,4,6,2,5,14,39,61,120,151,205,220,231,247,280,271,285,316,322,219,148,71,58,18,13,09/15/2020
000223,20200915,S,10,6,6,15,23,158,167,192,187,207,239,246,205,215,222,210,219,156,129,107,86,59,30,19,09/15/2020
000223,20200916,P,3,2,3,6,8,42,59,106,160,234,240,276,248,272,274,301,293,308,230,138,103,43,22,8,09/16/2020
000223,20200916,S,9,4,1,8,29,172,147,200,207,222,252,243,231,233,243,255,240,205,151,154,112,78,37,22,09/16/2020
000223,20200917,P,4,4,3,3,8,55,64,107,159,203,232,279,286,262,280,301,334,324,264,119,97,54,23,11,09/17/2020
000223,20200917,S,9,6,4,11,26,174,143,191,196,264,248,291,264,288,289,381,383,387,311,231,175,142,59,32,09/17/2020
000223,20200918,P,5,6,4,6,11,46,74,100,162,208,266,317,312,331,309,408,418,371,320,177,106,68,29,16,09/18/2020
000223,20200918,S,16,11,12,12,26,106,148,201,281,391,445,469,374,464,530,576,632,693,624,274,304,330,283,76,09/18/2020
000223,20200919,P,12,4,6,4,16,41,55,88,183,214,292,357,400,409,451,504,541,479,360,250,219,126,59,19,09/19/2020
000223,20200919,S,17,8,8,15,31,93,170,267,461,536,540,430,456,494,460,341,313,293,173,127,96,64,54,20,09/19/2020
000223,20200920,P,16,8,4,4,13,23,52,97,210,447,778,954,425,76,301,830,897,874,900,828,359,189,50,17,09/20/2020
000223,20200920,S,10,7,6,12,9,25,66,129,247,454,353,312,288,271,296,231,155,157,145,114,65,65,38,29,09/20/2020
000223,20200921,P,8,3,4,3,18,55,127,215,254,289,367,348,341,353,343,331,328,344,239,177,94,44,22,6,09/21/2020
000223,20200921,S,11,4,3,8,36,149,207,196,195,227,246,252,236,224,251,243,196,183,133,105,75,55,38,7,09/21/2020
000223,20200922,P,5,1,5,4,10,50,51,88,143,180,205,243,247,238,276,291,283,267,198,148,95,50,28,14,09/22/2020
000223,20200922,S,12,4,8,7,24,151,154,146,186,222,238,198,174,194,192,216,165,189,142,85,76,61,34,14,09/22/2020
000223,20200923,P,5,1,2,4,10,49,63,100,145,204,232,248,235,249,273,314,326,303,215,143,96,59,18,10,09/23/2020
000223,20200923,S,3,7,5,8,28,167,153,207,200,249,222,223,235,228,259,274,236,213,153,147,92,57,32,29,09/23/2020
000223,20200924,P,9,4,5,6,8,50,67,104,143,199,237,256,250,243,297,342,346,314,279,127,128,66,27,16,09/24/2020
000223,20200924,S,10,11,4,10,27,162,161,171,179,261,298,348,368,430,432,457,425,358,290,215,196,120,68,39,09/24/2020
000223,20200925,P,8,7,5,4,12,35,70,105,135,234,245,322,291,316,343,379,448,372,291,133,109,57,32,14,09/25/2020
000223,20200925,S,19,4,11,13,40,101,156,202,293,414,393,392,447,465,523,539,621,601,618,646,514,184,93,46,09/25/2020
000223,20200926,P,6,3,4,5,17,26,52,96,159,249,353,359,417,415,477,479,575,469,388,320,249,116,63,26,09/26/2020
000223,20200926,S,23,9,10,15,35,84,161,262,361,496,523,409,478,465,459,452,456,277,206,122,92,60,54,23,09/26/2020
000223,20200927,P,16,4,7,12,20,22,55,135,269,507,854,974,941,914,870,787,721,620,539,394,286,115,39,14,09/27/2020
000223,20200927,S,27,3,4,8,19,29,58,106,253,400,325,308,297,275,236,209,172,148,158,131,80,67,35,21,09/27/2020
000223,20200928,P,8,6,2,8,20,35,105,173,217,267,315,361,366,351,363,368,305,314,230,154,81,50,15,9,09/28/2020
000223,20200928,S,6,6,6,11,33,128,195,173,191,170,222,215,180,213,226,212,240,165,111,112,73,45,29,16,09/28/2020
000223,20200929,P,4,4,1,4,6,36,47,106,128,183,193,244,255,216,310,301,284,294,238,115,87,41,14,11,09/29/2020
000223,20200929,S,11,2,7,10,34,151,136,145,174,175,266,227,196,193,192,204,168,153,115,82,72,51,36,21,09/29/2020
000223,20200930,P,9,4,1,3,7,47,55,91,136,207,205,256,250,266,270,305,346,306,250,137,103,51,22,8,09/30/2020
000223,20200930,S,7,5,3,9,27,162,178,191,195,214,236,261,236,219,218,222,211,230,144,117,71,65,26,19,09/30/2020
000223,20201001,P,4,2,0,5,10,48,62,111,121,181,241,250,256,255,274,334,324,308,227,124,73,42,18,13,10/01/2020
000223,20201001,S,11,5,7,6,19,154,152,183,184,225,272,286,255,260,286,298,309,301,226,202,157,83,60,23,10/01/2020
000223,20201002,P,13,2,3,6,21,53,58,81,119,189,232,281,274,301,318,345,274,342,206,112,92,52,28,17,10/02/2020
000223,20201002,S,12,8,4,8,24,104,159,184,196,295,282,380,368,433,494,539,588,579,427,320,233,130,64,40,10/02/2020
000223,20201003,P,7,2,5,4,11,38,46,80,159,235,288,342,335,333,375,382,355,366,264,214,161,82,33,18,10/03/2020
000223,20201003,S,17,17,12,13,19,73,139,188,277,318,352,421,442,406,432,360,328,227,173,152,89,65,37,23,10/03/2020
000223,20201004,P,10,8,2,6,11,25,43,96,161,382,612,839,737,660,632,600,536,420,398,290,212,96,19,6,10/04/2020
000223,20201004,S,10,6,4,8,16,25,45,98,137,169,223,251,277,221,133,168,168,185,210,162,128,61,30,17,10/04/2020
000223,20201005,P,7,4,3,3,17,50,85,159,208,221,298,309,304,292,285,328,255,274,261,130,71,49,13,9,10/05/2020
000223,20201005,S,12,10,4,10,27,136,182,204,186,218,223,200,214,196,196,223,204,164,132,80,80,56,38,18,10/05/2020
000223,20201006,P,3,4,5,5,14,50,66,100,114,193,198,212,232,233,255,238,309,273,198,141,78,47,17,11,10/06/2020
000223,20201006,S,6,6,6,8,25,138,141,148,186,200,219,204,214,174,187,167,168,183,127,90,82,43,17,14,10/06/2020
000223,20201007,P,8,5,2,5,17,53,51,119,128,167,214,201,235,223,205,260,306,280,230,153,78,30,18,9,10/07/2020
000223,20201007,S,7,4,8,13,29,161,154,187,207,188,235,204,209,190,192,215,203,191,144,106,72,53,36,14,10/07/2020
000223,20201008,P,3,3,3,4,9,45,54,89,115,175,207,249,245,257,245,283,268,301,247,121,71,31,14,8,10/08/2020
000223,20201008,S,8,5,8,5,13,127,138,195,211,190,282,265,265,260,303,296,330,297,229,158,173,95,49,13,10/08/2020
000223,20201009,P,7,6,2,6,11,30,53,86,125,197,259,228,245,279,294,322,302,316,219,165,88,46,29,13,10/09/2020
000223,20201009,S,21,13,13,11,19,105,167,192,209,355,414,374,383,492,509,546,545,599,508,337,268,125,79,41,10/09/2020
000223,20201010,P,8,4,3,1,10,25,43,85,152,185,239,308,283,315,338,369,423,375,308,235,182,90,37,16,10/10/2020
000223,20201010,S,25,16,14,13,26,67,124,194,291,367,377,310,410,379,399,382,304,236,163,131,101,81,45,18,10/10/2020
000223,20201011,P,8,3,6,21,41,27,47,76,216,367,653,986,833,567,592,446,405,312,249,160,109,41,21,12,10/11/2020
000223,20201011,S,22,5,5,4,9,28,49,61,89,143,187,199,258,184,243,219,189,151,119,92,73,40,35,10,10/11/2020
000223,20201012,P,2,7,5,6,20,36,59,144,157,226,328,416,350,326,326,310,287,301,222,119,62,36,11,13,10/12/2020
000223,20201012,S,13,5,5,12,22,125,127,143,141,146,226,194,198,204,225,183,168,174,128,84,87,48,33,15,10/12/2020
000223,20201013,P,4,7,1,4,8,28,55,111,122,176,232,277,270,260,267,268,288,322,217,128,69,44,20,8,10/13/2020
000223,20201013,S,9,4,3,11,34,143,123,150,175,179,184,189,166,177,164,202,176,176,148,87,82,45,25,16,10/13/2020
000223,20201014,P,7,2,0,5,7,45,44,109,127,170,247,278,274,290,287,288,313,264,212,128,60,31,11,11,10/14/2020
000223,20201014,S,3,8,6,9,39,151,122,152,180,156,146,239,196,169,156,183,218,203,179,166,103,66,33,17,10/14/2020
000223,20201015,P,7,3,2,6,13,53,56,92,146,184,248,247,277,240,227,278,285,335,264,107,80,38,18,11,10/15/2020
000223,20201015,S,15,8,4,12,24,134,135,162,191,200,193,256,227,244,283,301,283,233,213,180,196,158,72,22,10/15/2020
000223,20201016,P,12,5,3,3,14,50,43,74,143,165,224,264,262,276,292,339,394,357,302,204,114,55,46,12,10/16/2020
000223,20201016,S,17,9,12,9,21,104,118,191,198,244,264,342,331,369,436,417,441,459,377,235,150,94,71,36,10/16/2020
000223,20201017,P,7,6,3,3,10,44,39,71,144,197,284,369,322,352,349,333,366,303,215,153,97,58,26,18,10/17/2020
000223,20201017,S,21,13,9,6,13,37,79,133,210,232,322,330,287,319,320,290,263,202,167,126,74,66,35,15,10/17/2020
000223,20201018,P,8,4,1,8,15,34,54,68,178,283,566,736,515,516,390,433,338,314,202,177,102,58,12,8,10/18/2020
000223,20201018,S,9,9,3,2,6,24,36,56,107,133,151,199,190,202,166,208,181,144,139,114,66,61,29,24,10/18/2020
000223,20201019,P,4,5,2,9,16,35,73,120,161,181,282,268,254,265,270,218,273,247,212,112,42,29,9,9,10/19/2020
000223,20201019,S,12,2,4,8,25,116,133,170,177,162,157,152,180,159,165,136,143,145,111,98,62,39,25,10,10/19/2020
000223,20201020,P,2,3,2,2,8,36,51,87,110,141,205,187,235,195,212,249,272,238,197,104,63,18,10,7,10/20/2020
000223,20201020,S,9,1,4,10,27,136,132,187,159,173,151,156,143,129,161,142,166,181,98,79,60,39,23,8,10/20/2020
000223,20201021,P,3,4,0,4,8,38,43,99,121,135,172,190,155,177,196,232,252,278,226,109,156,335,410,110,10/21/2020
000223,20201021,S,13,3,1,5,24,147,115,161,165,196,162,158,152,123,170,169,175,178,141,122,98,72,39,24,10/21/2020
000223,20201022,P,44,30,10,8,13,43,39,77,119,135,216,205,226,334,437,577,599,419,340,240,152,85,39,31,10/22/2020
000223,20201022,S,17,10,6,10,14,134,116,152,199,158,170,180,195,264,228,248,208,170,134,119,75,41,29,21,10/22/2020
000223,20201023,P,9,4,4,4,10,26,32,63,89,109,158,195,178,168,191,209,211,190,139,100,43,43,12,18,10/23/2020
000223,20201023,S,10,8,10,15,12,79,86,81,97,123,120,125,186,171,149,220,203,178,185,117,71,64,27,25,10/23/2020
000223,20201024,P,6,7,1,8,8,26,18,41,93,115,155,183,162,162,160,195,155,132,108,105,58,28,30,18,10/24/2020
000223,20201024,S,8,7,9,9,16,50,52,69,99,102,133,149,159,154,188,164,153,169,137,93,69,56,28,14,10/24/2020
000223,20201025,P,3,3,4,6,7,12,18,42,49,105,137,160,104,88,62,83,46,57,73,40,25,11,10,5,10/25/2020
000223,20201025,S,14,4,3,5,6,16,22,16,26,56,64,71,86,71,75,86,55,44,37,20,14,13,10,6,10/25/2020
000223,20201026,P,1,6,0,4,6,5,20,24,27,24,62,85,71,82,80,93,109,86,55,46,47,25,19,9,10/26/2020
000223,20201026,S,9,0,2,2,16,68,50,47,41,45,57,77,110,97,130,166,167,106,80,57,49,16,11,6,10/26/2020
000223,20201027,P,1,5,0,1,8,15,37,64,71,63,132,132,150,149,138,201,202,184,157,59,31,19,9,5,10/27/2020
000223,20201027,S,8,3,4,7,23,115,57,102,135,168,168,179,170,131,139,152,136,146,81,67,45,33,19,5,10/27/2020
000223,20201028,P,5,1,0,4,8,39,50,60,93,118,110,132,135,145,156,158,217,197,138,52,33,17,11,5,10/28/2020
000223,20201028,S,6,6,4,6,27,115,79,84,127,118,163,142,154,116,117,128,125,128,93,88,63,29,19,6,10/28/2020
000223,20201029,P,6,3,3,4,6,38,51,64,97,109,130,133,139,134,138,193,222,268,127,83,36,18,9,10,10/29/2020
000223,20201029,S,5,3,7,7,22,122,97,122,131,125,151,180,169,180,187,204,201,157,126,111,71,41,23,17,10/29/2020
000223,20201030,P,5,3,4,3,9,32,59,74,112,111,149,149,187,198,195,232,222,267,187,82,40,26,10,5,10/30/2020
000223,20201030,S,8,8,4,7,16,95,92,140,140,162,181,189,149,214,206,253,232,283,219,154,107,65,30,17,10/30/2020
000223,20201031,P,9,2,4,2,7,33,23,63,79,126,163,193,191,205,234,254,312,220,134,72,44,25,12,5,10/31/2020
000223,20201031,S,11,9,7,6,9,31,48,119,191,221,235,245,148,164,139,159,121,141,105,61,64,30,31,16,10/31/2020
000223,20201101,P,3,4,7,3,5,10,19,22,47,108,165,277,271,273,286,240,203,192,166,150,84,42,37,15,11/01/2020
000223,20201101,S,11,10,2,2,4,7,17,36,62,108,142,136,177,145,147,154,149,139,140,88,78,52,42,20,11/01/2020
000223,20201102,P,0,6,4,5,7,32,62,113,107,158,167,183,151,162,172,184,210,232,119,54,31,19,5,8,11/02/2020
000223,20201102,S,9,7,4,6,25,113,146,156,149,149,164,145,125,127,137,160,144,132,95,77,62,29,19,12,11/02/2020
000223,20201103,P,4,1,1,10,9,33,45,73,91,147,136,144,163,156,177,244,297,293,169,47,29,15,12,8,11/03/2020
000223,20201103,S,7,5,3,7,29,134,138,167,181,225,234,173,139,128,117,122,134,139,81,56,53,34,21,18,11/03/2020
000223,20201104,P,4,0,0,3,5,38,47,79,98,116,147,153,128,143,168,201,250,253,125,50,35,10,8,9,11/04/2020
000223,20201104,S,11,4,4,9,23,129,121,148,173,176,168,173,150,115,137,133,133,150,106,59,52,28,14,13,11/04/2020
000223,20201105,P,5,1,1,3,9,39,45,64,82,132,130,152,144,179,182,231,259,230,163,67,31,12,14,10,11/05/2020
000223,20201105,S,6,8,5,6,16,103,130,169,156,205,196,186,158,153,184,151,189,149,154,130,83,64,29,17,11/05/2020
000223,20201106,P,4,4,1,3,11,35,34,61,123,150,146,185,204,207,241,221,245,265,165,106,48,16,13,10,11/06/2020
000223,20201106,S,5,6,11,5,15,91,138,149,165,270,243,245,211,239,269,346,413,386,323,233,149,94,41,23,11/06/2020
000223,20201107,P,7,3,4,3,8,17,36,44,97,156,197,204,216,251,310,344,324,223,212,80,50,45,18,9,11/07/2020
000223,20201107,S,14,14,6,6,21,59,78,148,213,313,295,255,286,258,190,177,173,166,112,75,69,43,24,19,11/07/2020
000223,20201108,P,7,6,5,3,3,12,15,47,66,193,392,447,389,361,320,306,287,190,126,85,45,27,6,4,11/08/2020
000223,20201108,S,9,5,3,8,10,13,23,32,54,79,112,105,106,117,119,138,121,100,71,63,51,32,18,11,11/08/2020
000223,20201109,P,4,4,5,1,5,17,44,89,97,131,125,153,151,162,117,118,123,126,61,17,22,14,7,1,11/09/2020
000223,20201109,S,9,6,3,10,21,95,96,106,103,109,108,65,90,93,104,108,98,81,42,50,21,19,8,13,11/09/2020
000223,20201110,P,5,6,1,1,7,23,43,52,80,104,119,113,142,176,172,157,186,176,97,42,19,21,7,4,11/10/2020
000223,20201110,S,8,2,2,10,25,112,87,102,111,106,116,107,101,127,103,100,147,136,98,54,44,28,20,12,11/10/2020
000223,20201111,P,7,4,1,2,8,36,38,74,89,127,181,151,187,170,205,210,210,217,134,51,25,13,3,5,11/11/2020
000223,20201111,S,4,7,1,7,28,116,100,118,167,188,170,140,144,120,100,152,151,133,95,74,45,38,11,12,11/11/2020
000223,20201112,P,5,1,3,2,7,31,45,77,68,145,117,125,142,146,154,187,219,179,133,57,28,20,7,9,11/12/2020
000223,20201112,S,4,9,3,9,20,117,81,128,114,129,150,144,116,145,130,169,214,194,129,90,75,50,27,14,11/12/2020
000223,20201113,P,5,2,6,1,5,33,36,63,121,115,146,212,212,209,268,270,261,273,167,74,39,34,15,10,11/13/2020
000223,20201113,S,7,2,3,8,24,93,113,133,156,172,159,233,196,214,255,329,418,381,308,199,157,60,36,19,11/13/2020
000223,20201114,P,2,8,3,1,8,33,16,40,52,78,87,121,174,143,147,176,179,157,98,77,47,28,8,2,11/14/2020
000223,20201114,S,14,9,2,7,7,9,24,68,113,141,163,172,188,204,148,171,330,151,124,57,40,32,20,12,11/14/2020
000223,20201115,P,3,3,4,7,2,10,15,39,81,152,344,480,402,405,354,304,315,189,157,76,46,16,10,4,11/15/2020
000223,20201115,S,5,3,2,2,5,18,66,105,120,143,141,152,149,142,154,128,110,110,69,52,35,43,15,4,11/15/2020
000223,20201116,P,4,5,3,2,4,31,51,118,145,164,193,182,184,184,194,197,194,199,128,53,31,19,6,5,11/16/2020
000223,20201116,S,7,0,5,1,31,109,149,140,138,184,153,155,144,124,123,139,145,132,87,60,45,28,17,3,11/16/2020
000223,20201117,P,1,6,0,4,3,34,40,68,104,163,127,182,158,185,171,222,224,236,151,44,32,23,9,7,11/17/2020
000223,20201117,S,8,6,0,7,33,116,129,154,169,222,151,173,127,139,122,178,196,159,106,96,63,31,11,11,11/17/2020
000223,20201118,P,3,4,1,5,6,40,39,71,116,144,160,158,177,170,196,213,246,249,150,73,29,29,10,10,11/18/2020
000223,20201118,S,7,4,6,8,35,144,127,179,163,183,207,145,134,134,111,136,160,159,136,91,64,42,16,9,11/18/2020
000223,20201119,P,4,5,6,6,11,41,27,71,103,136,146,163,172,166,211,254,256,263,153,65,29,20,7,11,11/19/2020
000223,20201119,S,5,8,3,7,16,111,124,162,191,161,171,175,149,150,168,189,218,192,142,132,84,64,20,12,11/19/2020
000223,20201120,P,1,4,1,2,8,37,40,74,108,133,167,182,166,191,217,242,267,230,127,60,24,27,13,11,11/20/2020
000223,20201120,S,8,9,4,7,13,94,111,139,130,142,171,188,216,221,243,273,370,347,243,200,101,79,51,18,11/20/2020
000223,20201121,P,5,3,4,3,4,20,20,53,92,138,194,182,198,197,242,291,251,186,141,79,29,34,17,17,11/21/2020
000223,20201121,S,9,7,4,9,9,42,67,85,208,200,225,276,292,283,298,315,240,187,129,107,50,50,26,11,11/21/2020
000223,20201122,P,2,2,2,3,9,14,25,47,90,159,317,345,339,384,398,338,332,240,153,96,63,27,14,5,11/22/2020
000223,20201122,S,10,4,0,2,8,20,43,82,131,150,179,209,212,217,215,208,195,154,99,88,63,35,19,13,11/22/2020
000223,20201123,P,6,4,2,5,9,26,47,103,116,156,218,278,206,224,232,227,247,234,128,44,35,23,8,3,11/23/2020
000223,20201123,S,7,3,3,11,22,114,111,113,139,174,206,170,202,182,194,225,215,208,148,80,58,32,30,13,11/23/2020
000223,20201124,P,3,6,1,3,6,32,40,37,72,67,129,119,165,142,165,157,172,200,121,60,24,17,13,11,11/24/2020
000223,20201124,S,7,4,3,10,21,77,67,43,57,68,101,130,220,207,211,202,190,164,123,74,55,37,20,9,11/24/2020
000223,20201125,P,3,2,4,4,5,30,37,57,150,197,262,295,314,323,334,321,307,280,152,74,33,28,17,7,11/25/2020
000223,20201125,S,10,3,3,7,15,103,132,142,167,238,284,332,348,267,438,476,509,351,222,190,143,90,38,18,11/25/2020
000223,20201126,P,9,4,3,5,6,23,17,33,66,103,155,162,156,163,139,136,144,100,70,49,34,22,14,13,11/26/2020
000223,20201126,S,11,17,5,3,3,19,48,82,88,192,247,239,233,204,179,144,107,102,74,69,65,32,11,15,11/26/2020
000223,20201127,P,4,2,3,2,9,19,33,65,122,154,283,327,333,402,448,479,410,318,172,78,37,27,17,13,11/27/2020
000223,20201127,S,8,4,5,6,6,37,56,134,184,308,495,587,553,450,369,369,262,216,144,129,72,45,25,9,11/27/2020
000223,20201128,P,7,6,5,5,8,28,37,70,129,200,461,526,492,545,486,630,565,389,208,91,64,35,21,2,11/28/2020
000223,20201128,S,15,2,8,3,11,19,51,140,207,324,458,481,413,340,239,213,196,145,99,81,49,42,24,15,11/28/2020
000223,20201129,P,7,3,2,6,5,24,40,74,130,257,458,574,528,518,553,535,392,330,186,111,75,36,15,3,11/29/2020
000223,20201129,S,5,5,2,2,3,12,43,89,125,183,278,274,237,174,166,139,127,103,71,68,38,23,11,12,11/29/2020
000223,20201130,P,5,5,0,4,10,36,44,93,145,191,210,197,190,210,199,252,234,220,116,43,28,19,15,3,11/30/2020
000223,20201130,S,9,5,3,5,23,100,122,137,131,137,162,187,159,122,132,149,151,182,92,69,39,37,18,14,11/30/2020
000223,20201201,P,0,3,4,2,12,34,40,61,105,134,124,146,137,139,154,140,203,181,87,49,23,13,8,9,12/01/2020
000223,20201201,S,13,2,4,9,14,111,87,110,102,117,131,124,123,124,124,148,123,115,82,67,47,33,15,6,12/01/2020
000223,20201202,P,5,7,2,1,7,28,43,67,99,111,131,148,142,145,153,186,207,227,99,48,35,19,11,10,12/02/2020
000223,20201202,S,10,3,3,4,20,139,95,106,144,143,146,134,127,136,150,170,156,141,115,72,69,37,24,16,12/02/2020
000223,20201203,P,5,4,4,2,7,33,26,67,103,129,150,186,161,228,270,330,308,258,123,63,43,18,23,8,12/03/2020
000223,20201203,S,10,5,8,4,15,100,94,200,286,224,244,199,201,160,152,182,190,222,205,197,129,75,50,18,12/03/2020
000223,20201204,P,3,3,3,2,7,32,24,71,100,141,149,188,248,325,382,422,452,333,190,68,31,23,14,6,12/04/2020
000223,20201204,S,18,9,4,6,13,72,93,238,319,395,314,289,325,283,302,375,450,494,391,304,197,134,58,33,12/04/2020
000223,20201205,P,5,5,2,1,8,19,31,55,85,161,240,378,434,555,701,867,893,598,271,139,59,33,31,12,12/05/2020
000223,20201205,S,12,6,6,4,14,59,381,787,648,656,725,579,465,361,281,240,248,199,137,76,55,59,28,12,12/05/2020
000223,20201206,P,4,4,2,3,6,21,29,63,110,242,402,591,660,703,874,849,765,561,275,166,104,54,25,7,12/06/2020
000223,20201206,S,8,3,4,6,13,25,130,469,523,423,378,326,353,270,181,209,164,168,83,74,47,34,25,10,12/06/2020
000223,20201207,P,4,5,2,1,12,31,68,128,134,187,242,224,214,248,279,351,309,327,145,52,33,18,6,3,12/07/2020
000223,20201207,S,6,2,5,5,25,102,127,189,264,223,221,197,157,149,137,166,160,136,120,74,64,22,27,7,12/07/2020
000223,20201208,P,5,2,3,4,9,28,36,84,122,145,164,164,200,186,252,336,389,301,147,57,34,24,9,6,12/08/2020
000223,20201208,S,7,1,6,6,24,109,114,153,192,251,229,234,170,148,156,179,147,167,120,74,66,37,23,19,12/08/2020
000223,20201209,P,5,3,0,3,9,43,45,78,115,153,184,157,184,243,266,293,367,277,163,67,40,26,5,10,12/09/2020
000223,20201209,S,8,8,3,11,26,122,123,190,186,199,258,229,226,156,139,160,220,215,127,114,78,43,32,14,12/09/2020
000223,20201210,P,6,1,2,5,7,42,38,84,122,148,170,154,210,237,293,266,376,293,172,80,31,27,20,16,12/10/2020
000223,20201210,S,10,9,6,9,26,119,98,157,188,229,267,223,201,209,218,216,296,306,279,195,182,84,61,35,12/10/2020
000223,20201211,P,6,4,0,2,6,39,40,54,85,117,148,147,209,291,351,387,367,315,139,71,37,17,13,15,12/11/2020
000223,20201211,S,10,10,4,7,25,78,92,248,427,301,283,280,249,243,342,375,460,419,361,270,170,97,53,27,12/11/2020
000223,20201212,P,6,6,8,4,9,23,21,52,83,130,203,299,387,587,616,620,574,459,178,71,44,25,17,11,12/12/2020
000223,20201212,S,18,12,4,4,9,47,353,737,626,495,417,370,364,266,250,240,206,143,113,67,73,41,28,11,12/12/2020
000223,20201213,P,8,2,1,6,9,17,36,37,86,199,376,629,730,822,871,892,910,696,338,211,117,60,30,11,12/13/2020
000223,20201213,S,12,4,4,2,8,29,176,643,618,547,516,445,294,204,195,224,189,164,109,80,62,45,40,18,12/13/2020
000223,20201214,P,10,7,3,5,7,39,67,143,141,192,187,261,260,266,332,364,379,304,176,66,40,15,9,6,12/14/2020
000223,20201214,S,13,5,5,5,22,116,103,212,249,256,259,268,212,203,158,174,176,137,101,58,44,32,22,11,12/14/2020
000223,20201215,P,6,4,1,1,5,33,42,63,79,139,161,159,215,240,274,414,434,319,153,65,28,14,19,13,12/15/2020
000223,20201215,S,9,1,3,0,25,99,75,184,237,296,270,280,265,147,132,146,165,142,109,75,61,47,35,16,12/15/2020
000223,20201216,P,4,3,1,2,5,42,47,77,128,188,153,148,215,218,351,383,445,300,211,62,40,32,11,7,12/16/2020
000223,20201216,S,8,2,4,9,25,124,114,219,248,321,292,240,196,208,147,205,217,237,129,100,60,56,32,14,12/16/2020
000223,20201217,P,5,0,2,2,10,42,50,77,122,159,169,207,235,282,371,502,481,421,161,61,44,24,25,17,12/17/2020
000223,20201217,S,10,7,4,5,17,105,113,212,315,335,316,261,243,210,176,219,216,210,257,237,260,221,72,31,12/17/2020
000223,20201218,P,3,3,2,9,8,38,39,79,119,205,183,253,277,455,531,569,579,411,137,82,42,47,12,10,12/18/2020
000223,20201218,S,18,9,8,8,26,88,148,404,612,533,327,302,308,264,380,388,431,399,327,256,191,130,62,33,12/18/2020
000223,20201219,P,7,3,3,6,4,32,25,68,100,202,260,338,391,511,723,782,691,461,207,87,62,25,20,12,12/19/2020
000223,20201219,S,22,17,6,7,16,40,339,728,632,511,550,506,415,397,403,369,385,248,159,144,88,86,41,21,12/19/2020
000223,20201220,P,10,11,7,0,4,14,37,63,106,198,360,492,570,660,747,737,677,507,276,183,91,51,27,15,12/20/2020
000223,20201220,S,19,8,7,7,9,27,198,668,488,382,413,409,364,332,382,342,250,206,142,116,76,69,32,23,12/20/2020
000223,20201221,P,6,5,2,6,9,36,65,106,179,206,262,289,340,457,611,634,582,522,250,120,94,39,28,11,12/21/2020
000223,20201221,S,9,2,1,6,19,105,116,460,777,595,327,273,272,243,245,261,294,260,210,132,108,88,42,25,12/21/2020
000223,20201222,P,7,6,4,8,16,51,73,112,192,190,265,322,369,480,663,592,528,309,251,64,46,34,17,13,12/22/2020
000223,20201222,S,8,8,8,6,14,100,115,501,691,467,318,241,278,250,192,210,248,170,215,209,98,104,34,31,12/22/2020
000223,20201223,P,6,3,8,8,8,35,59,76,133,232,359,394,504,568,579,605,490,356,192,90,70,55,22,9,12/23/2020
000223,20201223,S,21,9,9,10,19,111,115,416,633,451,367,337,377,341,404,362,330,253,158,163,106,84,57,32,12/23/2020
000223,20201224,P,9,8,4,6,5,44,32,68,93,154,275,347,473,499,676,743,558,312,128,101,46,37,25,14,12/24/2020
000223,20201224,S,18,14,6,4,8,53,116,518,683,562,468,437,379,391,348,333,267,208,124,112,94,62,44,24,12/24/2020
000223,20201225,P,10,3,2,3,10,12,17,33,48,85,163,209,288,400,487,630,580,388,252,109,67,45,26,15,12/25/2020
000223,20201225,S,11,7,6,1,6,7,80,440,564,458,439,458,382,357,330,287,226,174,153,130,116,102,56,23,12/25/2020
000223,20201226,P,3,1,3,5,6,34,32,95,139,217,430,510,549,551,649,738,764,568,334,193,103,70,51,24,12/26/2020
000223,20201226,S,14,5,5,6,13,40,166,522,547,536,581,624,599,566,609,507,503,314,208,159,125,73,50,22,12/26/2020
000223,20201227,P,8,8,4,3,5,14,39,70,138,220,334,465,585,724,697,787,728,589,342,206,114,50,33,16,12/27/2020
000223,20201227,S,28,6,8,8,8,26,175,575,608,507,549,522,547,575,527,461,323,234,179,111,82,53,29,27,12/27/2020
000223,20201228,P,12,5,3,5,10,26,48,117,172,239,344,379,468,539,661,643,611,425,191,115,63,37,17,8,12/28/2020
000223,20201228,S,12,12,8,5,13,69,135,470,616,541,493,509,370,363,291,372,290,164,130,87,75,48,34,23,12/28/2020
000223,20201229,P,5,1,1,4,8,13,37,90,99,173,236,301,461,576,619,686,623,589,245,120,57,37,24,17,12/29/2020
000223,20201229,S,23,6,8,5,13,82,129,412,712,610,481,419,352,349,366,316,272,244,156,126,70,53,30,15,12/29/2020
000223,20201230,P,9,1,3,4,8,37,49,105,199,257,363,450,507,628,744,840,911,676,308,167,81,58,37,20,12/30/2020
000223,20201230,S,9,3,4,7,19,115,143,475,663,665,689,651,595,508,468,472,411,373,278,196,138,115,59,22,12/30/2020
000223,20201231,P,9,1,7,4,9,44,64,82,134,211,261,368,423,583,737,870,632,489,214,91,56,38,29,9,12/31/2020
000223,20201231,S,25,15,7,8,18,89,155,520,721,694,659,573,553,488,530,614,569,387,262,171,112,71,42,14,12/31/2020
